smiles,activity
C/C(O)=C(\C#N)C(=O)Nc1cc(Br)ccc1Br,0
C[C@@H](Oc1ccc2ncc(/C=C/C(N)=O)cc2c1)c1c(Cl)ccc(F)c1Cl,0
C[C@@H](Oc1ccc2ncccc2c1)c1c(Cl)ccc(F)c1Cl,0
C[C@@H](Oc1ccc2ncc(C3CC3C(N)=O)cc2c1)c1c(Cl)ccc(F)c1Cl,0
CC(=O)N1CCC(Nc2ncc3c(n2)-c2c(c(C(N)=O)nn2C)CC3)CC1,0
Cn1nc(C(N)=O)c2c1-c1nc(NC3CCN(C(=O)c4ccccc4)CC3)ncc1CC2,0
CNC(=O)c1nn(C)c2c1CCc1cnc(NC3CCN(C(=O)C4CCN(S(C)(=O)=O)CC4)CC3)nc1-2,0
O=C(Nc1n[nH]c2cc(C(=O)N[C@H](CN3CCCC3)c3ccccc3)sc12)c1ccc(N2CCOCC2)cc1,0
NC(=O)c1cc(-c2ccnc(N)n2)[nH]c1-c1ccccc1,0
CCc1nc2c(Nc3ccc(C(=O)N4CCNCC4)c(Cl)c3)nc(C)cn2c1-c1cn[nH]c1,0
Cc1cn2c(-c3cn[nH]c3)c(C3CC3)nc2c(Nc2ccc(C(=O)N3CCNCC3)c(Cl)c2)n1,0
Cc1cn2c(-c3cn[nH]c3)c(C(C)C)nc2c(Nc2ccc(C(=O)N3CCNCC3)c(Cl)c2)n1,0
CC1(C)CNCCN1C(=O)c1ccc(Nc2nc(C3CC3)cn3c(-c4cn[nH]c4)cnc23)cc1Cl,1
Cc1cn2c(-c3cn[nH]c3)cnc2c(Nc2ccc(C(=O)N3CCNC(=O)C3)c(Cl)c2)n1,1
CC1(C)CN(C(=O)c2ccc(Nc3nc(C4CC4)cn4c(-c5cn[nH]c5)cnc34)cc2Cl)CCN1,1
O=C(c1ccc(Nc2nc(C3CC3)cn3c(-c4cn[nH]c4)cnc23)c(F)c1)N1CCNCC1,1
CC1(C)CNCCN1C(=O)c1ccc(Nc2nc(C3CC3)cn3c(-c4cn[nH]c4)cnc23)c(F)c1,1
O=C(c1ccc(Nc2nc(C3CC3)cn3c(-c4cn[nH]c4)cnc23)cc1Cl)N1C[C@H]2CC[C@@H]1CN2,1
O=C(c1ccc(Nc2nc(C3CC3)cn3c(-c4cn[nH]c4)cnc23)cc1Cl)N1CCNCC1,1
CC1(C)CN(C(=O)c2ccc(Nc3nc(C4CC4)cn4c(-c5cn[nH]c5)cnc34)c(F)c2)CCN1,1
Cc1cn2c(-c3cn[nH]c3)cnc2c(Nc2ccc(C(=O)N3CCNCC3)c(C(F)(F)F)c2)n1,1
Cc1cn2c(-c3cn[nH]c3)cnc2c(Nc2ccc(C(=O)N3C[C@H]4CC[C@@H]3CN4)c(Cl)c2)n1,1
Cc1cn2c(-c3cn[nH]c3)cnc2c(Nc2ccc(C(=O)N3CCNCC3)c(Cl)c2)n1,1
Cc1cn2c(-c3cn[nH]c3)cnc2c(Nc2ccc(C(=O)N3CCN(C)CC3)c(Cl)c2)n1,1
Cc1cn2c(-c3cn[nH]c3)cnc2c(Nc2ccc(C(=O)N3CCOCC3)c(Cl)c2)n1,1
Cc1cn2c(-c3cn[nH]c3)cnc2c(Nc2ccc(C(=O)N3CCNCC3(C)C)cc2F)n1,1
CCc1cn2c(-c3cn[nH]c3)cnc2c(Nc2ccc(C(=O)N3CCNCC3)c(Cl)c2)n1,1
CCOc1cc(Nc2nc(C)cn3c(-c4cn[nH]c4)cnc23)sc1C(=O)N1CCCC(C)C1,1
Cc1cn2c(-c3cn[nH]c3)cnc2c(Nc2cc(CN3CCC(O)CC3)cs2)n1,1
Cc1cn2c(-c3cn[nH]c3)cnc2c(Nc2ccc(C(=O)N3CCNCC3(C)C)c(Cl)c2)n1,1
O=C(c1ccc(Nc2nc(C3CC3)cn3c(-c4cn[nH]c4)cnc23)cc1Cl)N1CCNCC12CC2,1
O=C(c1ccc(Nc2nc(C3CC3)cn3c(-c4cn[nH]c4)cnc23)cc1Cl)N1C[C@H]2CC[C@@H](C1)N2,1
Cc1cn2c(-c3cn[nH]c3)cnc2c(Nc2ccc(C(=O)N3CCNCC3)cc2F)n1,1
Cc1cn2c(-c3cn[nH]c3)cnc2c(Nc2ccc(C(=O)N3CCNC(C)(C)C3)cc2F)n1,1
Cc1cn2c(-c3cn[nH]c3)cnc2c(Nc2ccnc(N3CCNCC3)c2)n1,1
Cc1cn2c(-c3cn[nH]c3)cnc2c(Nc2ccc(C(=O)N3C[C@H]4CC[C@@H](C3)N4)c(Cl)c2)n1,1
Cc1cn2c(-c3cn[nH]c3)cnc2c(Nc2cc(C(=O)N(C)C)ns2)n1,1
Cc1cn2c(-c3cn[nH]c3)cnc2c(Nc2cc(CN3CCCCC3)ns2)n1,1
O=C(c1ccc(Nc2nc(C3CC3)cn3c(-c4cn[nH]c4)cnc23)cc1Cl)N1CCNC2(CC2)C1,1
Cc1cn2c(-c3cn[nH]c3)cnc2c(Nc2ccc(C(=O)N3CCNCC3)cc2)n1,1
CC(=O)N1CCN(C(=O)c2ccc(Nc3nc(C)cn4c(-c5cn[nH]c5)cnc34)cc2Cl)CC1,1
Cc1cn2c(-c3cn[nH]c3)cnc2c(Nc2ccc(C(=O)N3CCNCC34CC4)c(Cl)c2)n1,1
Cc1cn2c(-c3cn[nH]c3)cnc2c(Nc2ccc(C(=O)N3CCNC(C)(C)C3)c(Cl)c2)n1,1
Cc1cn2c(-c3cn[nH]c3)cnc2c(Nc2ccc(C(=O)N3CCNC4(CC4)C3)c(Cl)c2)n1,1
COc1cc(Nc2nc(C)cn3c(-c4cn[nH]c4)cnc23)ccc1C(=O)N1CCNCC1,1
O=C(c1ccc(Nc2nc(C3CC3)cn3c(-c4cn[nH]c4)cnc23)c(F)c1)N1CCOCC1,1
Cc1cn2c(-c3cn[nH]c3)cnc2c(Nc2ccc(C(=O)N3CCNCC3)c(F)c2)n1,1
Cc1cn2c(-c3cn[nH]c3)cnc2c(Nc2ccc(C(=O)N3CCCNCC3)c(Cl)c2)n1,1
Cc1cn2c(-c3cn[nH]c3)cnc2c(Nc2ccc(C(=O)N3CCNCC3)c(C3CC3)c2)n1,1
Cc1cn2c(-c3ccsc3)cnc2c(Nc2ccc(C(=O)N3CCNCC3)c(Cl)c2)n1,1
COC1CCN(C(=O)c2ccc(Nc3nc(C)cn4c(-c5cn[nH]c5)cnc34)cc2Cl)CC1,1
O=C(c1ccc(Nc2nc(C3CC3)cn3c(-c4cn[nH]c4)cnc23)c(Cl)c1)N1CCNCC1,1
Cc1cn2c(-c3cn[nH]c3)cnc2c(Nc2ccc(C(=O)N3CCNCC3)cc2Cl)n1,1
Cc1cn2c(-c3cn[nH]c3)cnc2c(Nc2ccc(C(=O)N3CCN(CCO)CC3)c(Cl)c2)n1,1
Cc1cn2c(-c3cn[nH]c3)cnc2c(Nc2ccc(C(=O)N3CCOCC3)cc2F)n1,1
Cc1cn2c(-c3cn[nH]c3)cnc2c(Nc2ccc(C(=O)N3CCC(O)CC3)c(Cl)c2)n1,1
Cc1cn2c(-c3cn[nH]c3)cnc2c(Nc2cncc(N3CCNCC3)c2)n1,1
Cc1cn2c(-c3cn[nH]c3)cnc2c(Nc2ccc(C(=O)N3CCCCC3)c(Cl)c2)n1,1
Cc1cn2c(-c3cn[nH]c3)cnc2c(Nc2ccc(C(=O)O)c(Cl)c2)n1,1
Cc1cn2c(-c3cn[nH]c3)cnc2c(Nc2cc(Cl)cc(C(=O)N3CCNCC3)c2)n1,1
O=C(c1ccc(Nc2nc(C3CC3)cn3c(-c4cn[nH]c4)cnc23)cc1Cl)N1CCOCC1,1
Cc1cn2c(-c3cn[nH]c3)cnc2c(Nc2ccc(C(=O)N3CCOCC3)cc2Cl)n1,1
O=C(c1ccc(Nc2nc(C3CC3)cn3c(-c4cn[nH]c4)cnc23)c(Cl)c1)N1CCOCC1,1
Cc1cn2c(-c3cccs3)cnc2c(Nc2ccc(C(=O)N3CCNCC3)c(Cl)c2)n1,1
Cc1cn2c(-c3cnn(C)c3)cnc2c(Nc2ccc(C(=O)N3CCNCC3)c(Cl)c2)n1,1
Cc1cn2c(-c3cccnc3)cnc2c(Nc2ccc(C(=O)N3CCNCC3)c(Cl)c2)n1,1
Cc1cn2c(-c3ccncc3)cnc2c(Nc2ccc(C(=O)N3CCNCC3)c(Cl)c2)n1,1
Cc1cn2c(-c3cn[nH]c3)cnc2c(Nc2ccc(C(=O)N3CCOCC3(C)C)c(Cl)c2)n1,1
O=C(c1ccc(Nc2nccn3c(-c4cn[nH]c4)cnc23)cc1Cl)N1CCNCC1,1
CC(C)c1cn2c(-c3cn[nH]c3)cnc2c(Nc2ccc(C(=O)N3CCNCC3)c(Cl)c2)n1,1
Cc1cn2c(-c3cn[nH]c3)cnc2c(Nc2ccc(N3CCOCC3)nc2)n1,1
Cc1cc(Nc2nc(Sc3ccccc3Cl)cn3c(-c4cn[nH]c4)cnc23)sn1,1
Cc1cn2c(-c3cn[nH]c3)cnc2c(N[C@H]2CC[C@H](C(=O)N3CCNCC3)CC2)n1,1
Cc1cn2c(-c3cn[nH]c3)c(C)nc2c(Nc2ccc(C(=O)N3CCNCC3)c(Cl)c2)n1,0
Cc1cn2c(-c3cncnc3)cnc2c(Nc2ccc(C(=O)N3CCNCC3)c(Cl)c2)n1,0
CNc1nc2[nH]c(-c3cccc(CNC(=O)COC)n3)cc2c2c1ncn2C,1
CN(C)CCN1CCN(C(=O)c2cc(C(C)(C)C)sc2NC(=O)Nc2cccc(Cl)c2Cl)CCC1=O,0
Cc1ccc(-n2nc(C(C)(C)C)cc2NC(=O)Nc2ccc(OCCN3CCOCC3)c3ccccc23)cc1,0
COc1ccc(C(=O)NCC(O)CO)cc1/C=C/c1ccc(Cl)cc1,0
COc1c(Nc2ncc(Cl)c(N[C@H]3[C@@H](C(N)=O)[C@@H]4C=C[C@H]3C4)n2)ccc2c1CC[C@@H](N1CCOCC1)CC2,1
Cn1cc(-c2ccc3c(c2)CCN3C(=O)Cc2cccc(C(F)(F)F)c2)c2c(N)ncnc21,1
CC(C)(C)NS(=O)(=O)c1cncc(-c2ccn3nc(N)nc3c2)c1,0
Cc1c(C(=O)N2CCOc3ccc(-c4ccc(N)nc4)cc3C2)ccc(S(C)(=O)=O)c1F,0
CN(C)c1ccc(Oc2cc(O)cc(O)c2-c2cc(C(=O)NC3CCN(C4CCC5(CC4)OCCO5)CC3)no2)cc1,1
CC(C)Nc1ccc(Oc2cc(O)cc(O)c2-c2cc(C(=O)NC3CCN(C)CC3)no2)cc1,1
CN1CCC(NC(=O)c2cc(-c3c(O)cc(O)cc3Oc3ccc(N(C)C)cc3)on2)CC1,1
CN1CCC(NC(=O)c2cc(-c3c(O)cc(O)cc3Oc3ccc([N+](=O)[O-])cc3)on2)CC1,1
CNS(=O)(=O)Nc1cccc(Cc2c(C)c3cc(Cl)c(OC(=O)N(C)C)cc3oc2=O)c1,0
CC1=CC[C@H]2[C@H](CC[C@]2(C)O)C(C)(C)[C@@H]1CC[C@H]1[C@]2(C)CC[C@H](OC(=O)c3ccc(Cl)c(Cl)c3)C(C)(C)O[C@H]2CC[C@@]1(C)O,0
CN[C@@H]1C[C@H]2O[C@@](C)([C@@H]1OC)n1c3ccccc3c3c4c(c5c6ccccc6n2c5c31)C(=O)NC4,0
CC(=O)c1ccc2[nH]c3nccc(Nc4cccc(Cl)c4)c3c2c1,1
CC(=O)c1ccc2[nH]c3nccc(Nc4cccc(O)c4)c3c2c1,0
CC(=O)c1ccc2[nH]c3nccc(Nc4cccc([N+](=O)[O-])c4)c3c2c1,1
CC(=O)c1ccc2[nH]c3nccc(Nc4cccc(N)c4)c3c2c1,1
Cc1ccccc1Nc1ccnc2[nH]c3ccccc3c12,0
Oc1cccc(Nc2ccnc3[nH]c4ccccc4c23)c1,1
Clc1cccc(Nc2ccnc3[nH]c4ccccc4c23)c1,1
Clc1ccc(Nc2ccnc3[nH]c4ccccc4c23)cc1,0
O=S(=O)(c1ccc2[nH]c3nccc(Nc4cccc(O)c4)c3c2c1)N1CCOCC1,0
COc1cccc(Nc2ccnc3[nH]c4ccc(S(=O)(=O)N5CCOCC5)cc4c23)c1,1
CCOc1cccc(Nc2ccnc3[nH]c4ccc(S(=O)(=O)N5CCOCC5)cc4c23)c1,1
O=S(=O)(c1ccc2[nH]c3nccc(Nc4cccc(OCc5ccccc5)c4)c3c2c1)N1CCOCC1,1
COc1cccc(Nc2ccnc3[nH]c4ccc(S(=O)(=O)N5CCNCC5)cc4c23)c1,1
CCOc1cccc(Nc2ccnc3[nH]c4ccc(S(=O)(=O)N5CCNCC5)cc4c23)c1,1
COc1cccc(Nc2ccnc3[nH]c4ccc(S(=O)(=O)N5CCN(CCO)CC5)cc4c23)c1,1
CCOc1cccc(Nc2ccnc3[nH]c4ccc(S(=O)(=O)N5CCN(CCO)CC5)cc4c23)c1,1
O=S(=O)(c1ccc2[nH]c3nccc(Nc4cccc(O)c4)c3c2c1)N1CCN(CCO)CC1,0
Oc1cccc(Nc2ccnc3[nH]c4ccc(Br)cc4c23)c1,0
COc1cccc(Nc2ccnc3[nH]c4ccc(Br)cc4c23)c1,1
Clc1cccc(Nc2ccnc3[nH]c4ccc(Br)cc4c23)c1,1
O=[N+]([O-])c1cccc(Nc2ccnc3[nH]c4ccc(Br)cc4c23)c1,1
COc1cc(Nc2ccnc3[nH]c4ccccc4c23)ccc1Br,1
O=[N+]([O-])c1cccc(Nc2ccnc3[nH]c4ccccc4c23)c1,1
c1ccc(COc2cccc(Nc3ccnc4[nH]c5ccccc5c34)c2)cc1,1
C1=CCc2cc(Nc3ccnc4[nH]c5ccccc5c34)ccc2C1,1
Clc1cc(Cl)cc(Nc2ccnc3[nH]c4ccccc4c23)c1,1
FC(F)(F)c1cccc(Nc2ccnc3[nH]c4ccccc4c23)c1,1
Clc1cc(Nc2ccnc3[nH]c4ccccc4c23)ccc1OCc1ccccc1,1
Fc1ccc(Nc2ccnc3[nH]c4ccccc4c23)cc1Cl,1
Cc1ccc(Nc2ccnc3[nH]c4ccccc4c23)cc1Cl,1
CCOc1cc(Nc2ccnc3[nH]c4ccccc4c23)ccc1Br,1
CCOc1cccc(Nc2ccnc3[nH]c4ccccc4c23)c1,1
COc1ccc(Nc2ccnc3[nH]c4ccccc4c23)cc1,1
CSc1cccc(Nc2ccnc3[nH]c4ccccc4c23)c1,0
COc1cccc(Nc2ccnc3[nH]c4ccccc4c23)c1,0
CC(C)(C)CNC(=O)CC1CNC(=O)c2cc(-c3ccsc3)cn21,0
CN1CCN(C[C@@H](NC(=O)C[C@H]2CNC(=O)c3cc(-c4cccc(Cl)c4)cn32)C2CCCCC2)CC1,0
Nc1nc2c3c(F)cccc3nc(Cc3ccc4c(c3)OCO4)n2n1,0
Nc1ccc2c(c1)nc(Cc1ccc3c(c1)OCO3)n1nc(N)nc21,0
OCCCNc1ccc2c(c1)nc(-c1ccc3c(c1)OCO3)n1ncnc21,0
Nc1nc2c3ccc(NCCO)cc3nc(Cc3ccc4c(c3)OCO4)n2n1,0
CN1CCN(c2cc(F)c3c(c2)nc(Cc2ccc4c(c2)OCO4)n2nc(N)nc32)CC1,0
CCOc1cc(Br)c(Br)c(/C=N/c2ccc3scnc3c2)c1O,0
CCOc1cc(Br)c(Br)c(/C=N/c2ccc3[nH]cnc3c2)c1O,1
CCOc1cc(Br)c(Br)c(/C=N/c2ccc3[nH]ccc3c2)c1O,1
COc1cc(Br)c(Br)c(/C=N/c2ccc3scnc3c2)c1O,0
COc1cc(Br)c(Br)c(/C=N/c2ccc3[nH]cnc3c2)c1O,1
COc1cc(Br)c(Br)c(/C=N/c2ccc3[nH]ccc3c2)c1O,1
CCOc1cc(Cl)c(Cl)c(/C=N/c2ccc3[nH]c(=O)[nH]c3c2)c1O,0
CCOc1cc(Br)c(Br)c(/C=N/c2ccc3[nH]c(=O)[nH]c3c2)c1O,1
COc1cc(Br)c(Br)c(/C=N/c2ccc3[nH]c(=O)[nH]c3c2)c1O,1
O=c1[nH]c2ccc(/N=C/c3c(O)c(Br)cc(Br)c3Br)cc2[nH]1,1
COc1ccc(Br)c(/C=N/c2ccc3[nH]c(=O)[nH]c3c2)c1O,0
O=c1[nH]c2ccc(/N=C/c3c(O)cccc3Br)cc2[nH]1,0
COc1ccc(/C=N/c2ccc3[nH]c(=O)[nH]c3c2)c(O)c1,0
O=c1[nH]c2ccc(/N=C/c3ccc(O)cc3O)cc2[nH]1,0
O=c1[nH]c2ccc(/N=C/c3cc(Br)cc(Br)c3O)cc2[nH]1,0
CCOc1cc(Cl)cc(/C=N/c2ccc3[nH]c(=O)[nH]c3c2)c1O,0
CCOc1cccc(/C=N/c2ccc3[nH]c(=O)[nH]c3c2)c1O,0
CCOc1cc(Br)cc(/C=N/c2ccc3[nH]c(=O)[nH]c3c2)c1O,0
COc1cc(I)cc(/C=N/c2ccc3[nH]c(=O)[nH]c3c2)c1O,0
COc1cc(Cl)cc(/C=N/c2ccc3[nH]c(=O)[nH]c3c2)c1O,0
COc1cccc(/C=N/c2ccc3[nH]c(=O)[nH]c3c2)c1O,0
O=c1[nH]c2ccc(/N=C/c3cc(Cl)ccc3O)cc2[nH]1,0
COc1cc(Br)cc(/C=N/c2ccc3[nH]c(=O)[nH]c3c2)c1OC,0
COc1cc(Br)cc(/C=N/c2ccc3[nH]c(=O)[nH]c3c2)c1O,0
COc1ccc(Br)cc1/C=N/c1ccc2[nH]c(=O)[nH]c2c1,0
O=c1[nH]c2ccc(/N=C/c3ccccc3O)cc2[nH]1,0
O=c1[nH]c2ccc(/N=C/c3ccccc3)cc2[nH]1,0
O=c1[nH]c2ccc(/N=C/c3cc(Br)ccc3O)cc2[nH]1,0
NC(=O)c1cc(F)cc2c1C(=O)N(C1CCN(C3CCC(F)(F)CC3)CC1)C2,0
CCCS(=O)(=O)Nc1ccc(Cl)c(C(=O)Nc2ccc(NC(C)=O)nc2)c1F,0
Cn1c(=O)c(S(=O)(=O)c2ccc(F)cc2F)cc2cnc(Nc3ccc4[nH]ccc4c3)nc21,0
CN1CCN(c2ccc(C(=O)Nc3n[nH]c4ccc(Cc5cc(F)cc(F)c5)cc34)c(NC3CCOCC3)c2)CC1,0
CN1C(=O)COc2c1cnc1ccc(Sc3nnc4c(F)cc(-c5cnn(C)c5)cn34)cc21,0
CC1(C)C(=O)N([C@H]2CCc3c(O)cccc32)c2nc(Nc3ccccc3)ncc21,0
Nc1c(-c2ccc(F)cc2)c(-c2ccncc2)nn1-c1c(Cl)cc(Cl)cc1Cl,1
COc1cc2ncnc(Nc3ccc(F)c(Cl)c3)c2cc1OCCCN1CCOCC1,0
COc1cc2ncccc2cc1NC(=O)c1csc2cncnc12,0
CC(C)C(=O)N1CCC[C@@H](c2nc(-c3ccc(C(=O)Nc4cc(C(F)(F)F)ccn4)cc3F)c3c(N)nccn23)C1,1
CC(C)C(=O)N1CCO[C@@H](c2nc(-c3ccc(C(=O)Nc4cc(C(F)(F)F)ccn4)cc3F)c3c(N)nccn23)C1,1
COCC(=O)N1CCC[C@@H](c2nc(-c3ccc(C(=O)Nc4cc(C(F)(F)F)ccn4)cc3F)c3c(N)nccn23)C1,1
COCC(=O)N1CCO[C@@H](c2nc(-c3ccc(C(=O)Nc4cc(C(F)(F)F)ccn4)cc3F)c3c(N)nccn23)C1,1
Nc1nccn2c([C@@H]3CCCN(C4CCOCC4)C3)nc(-c3ccc(C(=O)Nc4cc(C(F)(F)F)ccn4)cc3F)c12,1
Nc1nccn2c([C@H]3CN(C4CCOCC4)CCO3)nc(-c3ccc(C(=O)Nc4cc(C(F)(F)F)ccn4)cc3F)c12,1
C=CS(=O)(=O)N1CCC[C@@H]1Cn1cc(-c2ccc3c(c2)OCO3)c2c(N)ncnc21,1
CCn1cc(-c2ccc3c(c2)CCN3C(=O)Cc2cccc(OC(F)(F)F)c2)c2c(N)ncnc21,1
CN(C)c1ccc(C(=O)Nc2cccc(NC(=O)COc3ccc4c(=O)ccoc4c3)c2)cc1,0
COc1ccccc1/C=C/c1nc2ccccc2c(=O)[nH]1,1
COc1ccccc1/C=C/c1nc(Nc2ccc3c(c2)OCO3)c2ccccc2n1,0
Oc1cccc(Nc2nc(/C=C/c3cc4c(cc3Br)OCO4)nc3ccccc23)c1,1
O=[N+]([O-])c1cccc(/C=C/c2nc(Nc3cccc(O)c3)c3ccccc3n2)c1,1
Cc1nc(Nc2ncc(C(=O)Nc3c(C)cccc3Cl)s2)cc(N2CCN(CCO)CC2)n1,1
O=C(NCC(F)(F)F)c1cc(-c2cnn3cc(-c4ccc(OCCN5CCCCC5)cc4)cnc23)cs1,0
Cn1cc(-c2cnc3c(-c4csc(C(=O)NCC(F)(F)F)c4)cnn3c2)cn1,0
Cn1cc(-c2cnc3c(-c4csc(C(=O)N[C@@H]5CCCC[C@@H]5N)c4)cnn3c2)cn1,1
Cc1sc(C(=O)N[C@@H]2[C@H](N)CCCC2(F)F)cc1-c1cnn2cc(Cl)cnc12,0
C[C@@H]1C[C@H]1C(=O)N1CCN(c2cnc(C#N)c(-c3cnn(C)c3)n2)C[C@H]1C,0
COc1cc(-c2cncc(-c3ccc(N4CCNCC4)cc3)c2C)cc(OC)c1OC,1
C[C@H]1CC[C@@H](c2nc(-c3ccc(C(=O)Nc4cc(C(F)(F)F)ccn4)cc3F)c3c(N)nccn23)CN1C(=O)C1CC1,1
CC1(C(=O)N2CCC[C@@H](c3nc(-c4ccc(C(=O)Nc5cc(C(F)(F)F)ccn5)cc4F)c4c(N)nccn34)C2)COC1,1
CC1(C(=O)N2CCC[C@@H](c3nc(-c4ccc(C(=O)Nc5cc(C(F)(F)F)ccn5)cc4)c4c(N)nccn34)C2)COC1,1
Nc1nccn2c([C@@H]3CC[C@H]4COC(=O)N4C3)nc(-c3ccc(C(=O)Nc4cc(C(F)(F)F)ccn4)cc3)c12,1
Nc1nccn2c([C@@H]3CC[C@H]4CCC(=O)N4C3)nc(-c3ccc(C(=O)Nc4cc(C(F)(F)F)ccn4)cc3)c12,1
CC1(C)OC(=O)N2C[C@H](c3nc(-c4ccc(C(=O)Nc5cc(C(F)(F)F)ccn5)cc4)c4c(N)nccn34)CC[C@H]21,1
COc1cc(C(=O)Nc2cc(C(F)(F)F)ccn2)ccc1-c1nc([C@@H]2CC[C@H]3CCC(=O)N3C2)n2ccnc(N)c12,1
Nc1nccn2c([C@@H]3CC[C@H]4CCC(=O)N4C3)nc(-c3ccc(C(=O)Nc4cc(C(F)(F)F)ccn4)cc3OC3CC3)c12,1
Cc1ccc(NC(=O)c2ccc(C)c(C(F)(F)F)c2)cc1C#Cc1nn([C@H]2CC[C@H](O)CC2)c2ncnc(N)c12,1
CN1C(=O)[C@@H](N2CCc3cn(Cc4ccccc4)nc3C2=O)COc2ccccc21,0
CN1C(=O)[C@@H](N2CCc3c(nn(Cc4ccccc4)c3Br)C2=O)COc2ccccc21,0
CN1C(=O)[C@@H](N2CCc3cn(CC4CCS(=O)(=O)CC4)nc3C2=O)COc2ccccc21,0
Cc1nc(-c2cnc(NC(C)C)n(C)c2=O)ccc1Oc1ccnc(-c2cnn(C)c2)c1,0
COCC1CN(C2CCN(c3cc(OC)c(Nc4ncc(Br)c(Nc5ccc6c(c5P(C)(C)=O)OCCO6)n4)cc3C)CC2)C1,1
O=C(c1ccc(Oc2ccccc2)cc1Cl)c1c[nH]c2ncnc(NC3CC[C@@H](CO)OC3)c12,1
CCc1cccc(CC)c1NC(=O)c1nn(C)c2c1CCc1cnc(Nc3ccc(C(=O)NC4CCN(C)CC4)cc3OC(F)(F)F)nc1-2,0
O=C1c2ccccc2-c2n[nH]c3cccc1c23,0
Cc1cccc(-c2[nH]c(-c3ccnc(N)n3)cc2C(N)=O)c1C,0
Cc1n[nH]c2ccc(-c3cncc(OCCN)c3)cc12,0
Nc1ncnc2onc(-c3ccc(NC(=O)Nc4cccc(C(F)(F)F)c4)cc3)c12,0
CC(=O)c1cccc(-c2cnc3[nH]ccc3c2)c1,0
Cc1ccc(NC(=O)Nc2ccc(-c3csc4ncnc(N)c34)cc2)cc1C,0
Cc1cccc(Nc2nc(N[C@@H]3CCCC[C@@H]3N)cnc2C(N)=O)c1,0
Cn1cc(-c2cnn3c(N)c(-c4ccc(NC(=O)Nc5cccc(C(F)(F)F)c5)cc4)cnc23)cn1,1
COc1cc(N2CCC(N3CCN(C)CC3)CC2)ccc1Nc1ncc(Cl)c(Nc2ccccc2S(=O)(=O)C(C)C)n1,1
N#CCOc1ccc(Nc2nc(Nc3cccc(S(N)(=O)=O)c3)ncc2Br)cc1,1
CCOc1nc(C(=O)NCc2ccc(S(C)(=O)=O)cc2)cc(N)c1Cl,0
Cc1cc(N2CCOCC2)cc2[nH]c(-c3c(NC[C@@H](O)c4cccc(Cl)c4)cc[nH]c3=O)nc12,0
O=C(Nc1ccc2[nH]ncc2c1)c1ccc(Cl)cc1,0
NC(=O)c1sc(-n2cnc3ccccc32)cc1OCc1ccccc1C(F)(F)F,0
CC(=O)Nc1c(C(N)=O)sc2ccc(Cl)c(Cl)c12,0
Cc1ccc(NC(=O)Nc2ccc(NC(=O)c3csc4ncnc(N)c34)cc2)cc1,0
NC[C@@H](NC(=O)c1ccc(-c2ccncc2)cc1)c1ccccc1,0
Cc1cccc(NC(=O)Nc2ccc(-c3csc4nc(N)nc(N)c34)cc2)c1,0
COc1cccc(C(=O)Nc2cnc3[nH]cc(-c4ccccc4)c3c2)c1,0
CCCS(=O)(=O)Nc1ccc(-c2ccc3[nH]nc(N)c3c2)cc1,0
CCCC(=O)Nc1n[nH]c2ccc(-c3nnn(Cc4ccccc4)c3-c3ccccc3)cc12,0
N[C@H]1CC[C@H](Nc2nccc(-c3c[nH]c4ncccc34)n2)CC1,0
Cc1cccc(NC(=O)Nc2ccc(-c3cccc(C(N)=O)c3)cc2)c1,0
NC1CCCCC1Nc1nccc(-c2c[nH]c3ncccc23)n1,0
O=c1[nH][nH]c2cccc(-c3ccccc3)c12,0
O=C(O)c1ccccc1Nc1ccnc(Nc2ccc3cn[nH]c3c2)n1,0
CC(C)Cn1c(N)nc2ccc(-c3c(-c4ccc(F)cc4)nc4sccn34)cc21,0
COCCNc1nccc(-c2c(-c3ccc(F)cc3)nc3cnccn23)n1,0
N[C@@H](Cc1c[nH]c2ccccc12)C(=O)Nc1cncc(/C=C/c2ccncc2)c1,0
c1ccc(Nc2ncnc3ccccc23)cc1,0
COc1cc(Nc2ncc([N+](=O)[O-])c(Nc3ccccc3C(N)=O)n2)cc(OC)c1OC,0
CS(=O)(=O)N(Cc1ccc2[nH]c(=O)c3cccn3c2c1)C1CC1,0
OC(COc1cncc(/C=C/c2ccncc2)c1)Cc1c[nH]c2ccccc12,0
CCn1c(C)c(-c2ccnc(Nc3cccc(OC)c3)n2)sc1=O,0
CSc1c[nH]c2ncnc(NCCCO)c12,0
CCN(CC)CC#Cc1cnc(N)c2c(-c3ccc(NC(=O)Nc4cccc(C)c4)cc3)csc12,0
O=C(Nc1cnccn1)Nc1ccnc2c(F)cccc12,0
COc1ccc(CNc2c(Nc3ccc4[nH]ncc4c3)c(=O)c2=O)cc1,0
CC[C@@H]1C(=O)N(C)c2cnc(Nc3ccc(C(=O)NC4CCN(C)CC4)cc3OC)nc2N1C1CCCC1,0
O=C(NCc1ccccc1)Nc1ncc([N+](=O)[O-])s1,0
O=C(NCc1ccc(Cl)c(Cl)c1)Nc1ccc2[nH]ncc2c1,0
CCN1CCN(CCCC(=O)Nc2n[nH]c3nnc(-c4cccc(F)c4F)cc23)CC1,0
CNC(=O)c1cc2c(-c3ccccc3F)n[nH]c2s1,0
OCCNc1cc2cc(-c3cccnc3)ccc2cn1,0
OCCCn1cnc(-c2ccccc2)c1-c1ccncc1,0
Cc1ccc(F)c(NC(=O)Nc2ccc(-c3cccc4[nH]nc(N)c34)cc2)c1,0
COc1cccc([C@@H](C)NC(=O)c2ccc(-c3ccncc3)cc2NCCCN)c1,0
Nc1ncnc2scc(-c3ccc(NC(=O)Nc4ccccc4)cc3)c12,0
CCCC(=O)Nc1nn(C(=O)CC)c2nc3ccccc3cc12,0
CCCS(=O)(=O)Nc1ccc(-c2ccc3[nH]nc(NC(C)=O)c3c2)cc1,0
NC(=O)Cn1cc(-c2cc(-c3cc4ccccc4s3)c3[nH]ncc3c2)c2nc(N)ncc21,0
Cc1nccn2c(-c3ccnc(NCC(C)(C)O)n3)c(-c3ccc(F)cc3F)nc12,0
O=C1CCCc2oc3cc(C(F)(F)F)ccc3c(=O)c21,0
Cc1cccc(NC(=O)Nc2ccc(-c3csc4c(-c5cnn(C[C@H](C)O)c5)cnc(N)c34)cc2)c1,1
Cc1ccc(CNc2c(Nc3ccncc3)c(=O)c2=O)cc1C,0
O=c1[nH]cnc2c1oc1ccc(Cl)cc12,0
CCc1c(-c2ccc(C(C)(C)O)cc2)[nH]c2nccnc12,1
Cc1ccc(CNc2c(Nc3ccncc3)c(=O)c2=O)cc1,0
c1ccc2c(c1)Cc1c[nH]nc1-2,0
O=c1nc(-c2cc3c(Oc4ccc(I)cc4)cncc3s2)[nH]o1,0
Brc1ccc2c(c1)-c1[nH]ncc1C2,0
Cc1cc(O)ccc1-n1cc(C(N)=O)c(=O)c2ccc(-c3ccncc3)cc21,0
O=C1NCCc2[nH]c(-c3ccnc(/C=C/c4ccccc4)c3)cc21,0
N#Cc1ccc(NC(=O)Nc2ccnc3cc(C(F)(F)F)ccc23)nc1,0
O=C1Nc2ccccc2Nc2nnc(I)cc21,0
Cc1ccc(F)c(NC(=O)Nc2ccc(-c3ccc4nccnc4c3N)cc2)c1,0
Fc1ccc(-c2nc3sccn3c2-c2ccncc2)cc1,0
CCCCNC1=NS(=O)N=C1Nc1ccc(F)cc1,0
CCc1nccn2c(-c3ccnc(NCC(C)(C)O)n3)c(-c3ccc(F)cc3F)nc12,0
CCOc1nc(NC(=O)Cc2cc(OC)c(S(C)(=O)=O)cc2OC)cc(N)c1Cl,0
Cc1cc(NC(=O)CCNC(=O)Nc2nc(C)c(-c3ccc(-n4cccn4)cc3)s2)no1,0
C#Cc1cccc(Nc2ncnc3cc(OCCOC)c(OCCOC)cc23)c1,0
COc1ccc(-c2ccc(NC(=O)Nc3cc(F)cc(F)c3)cc2)c2c(N)noc12,0
COc1cc(Nc2ncc(F)c(Nc3ccc4c(n3)NC(=O)C(C)(C)O4)n2)cc(OC)c1OC,0
Cc1ccc(-c2ccc(NC(=O)Nc3cccc(Br)c3)cc2)c2c(N)n[nH]c12,0
COc1cc(/C=C2\SC(=O)NC2=O)ccc1O,0
CNC(=O)c1cc(Oc2ccc(NC(=O)Nc3cccc(C(F)(F)F)c3)cc2)ccn1,0
NC(=O)c1ccc(-c2c[nH]c3nccc(Cl)c23)cc1,0
Cc1n[nH]c2c1C(c1ccccc1I)C(C#N)=C(N)O2,0
NCCOc1cncc(/C=C/c2ccncc2)c1,0
Nc1ncnc2scc(-c3ccc(NC(=O)Nc4cc(C(F)(F)F)ccc4F)cc3)c12,0
CN(C(=O)C1CCCCC1)c1ccc2c(c1)nc(NC(=O)c1ccc(C#N)cc1)n2C,0
COc1cc(/C=C(\C#N)c2nc3ccccc3[nH]2)c(Br)cc1O,0
CCN(CC)CC#Cc1ccc2c(c1)-c1[nH]nc(-c3ccc(C#N)nc3)c1C2,0
O=C(O)c1cc(-c2cccs2)n2nccc2n1,0
CS(=O)(=O)Nc1cc2c(cc1Cl)NC(=O)Nc1cnc(C#N)c(n1)OCCCCCO2,0
O=C(Nc1cnc2[nH]cc(-c3ccccc3)c2c1)c1ccc(Cl)cc1,0
O=C1Cc2c([nH]c3ccc([N+](=O)[O-])cc23)-c2ccccc2N1,0
COc1cc2c(Oc3ccc4[nH]c(C)cc4c3F)ncnc2cc1OCCCN1CCCC1,0
Cc1cc(NC(=O)Cc2ccc(-c3cccc4[nH]nc(N)c34)cc2)ccc1F,0
CC(=O)Nc1cccc(CNc2c(Nc3ccc4[nH]ncc4c3)c(=O)c2=O)c1,0
Cc1ccc(NC(=O)Nc2ccc(-c3cccc4c3CNC4=O)cc2)cc1C,0
COCCn1cc(-c2ccncn2)c(-c2ccc(Cl)cc2)n1,0
Nc1c(-c2ccccc2)c2cc(Cl)ccc2[nH]c1=O,0
O=c1[nH]c2sc3c(c2c2nc(-c4ccccc4)nn12)CCCC3,0
Nc1ncc(-c2ccoc2)c2scc(-c3ccc(NC(=O)Nc4ccccc4F)cc3)c12,0
O=C1CCCN1Cc1ccc2c(c1)[nH]c(=O)c1cccn12,0
N[C@H](COc1cncc(-c2ccc3[nH]c(=O)oc3c2)c1)Cc1c[nH]c2ccccc12,0
CCOc1nc(NC(=O)Cc2cc(OC)c(S(C)(=O)=O)cc2OC)cc(N)c1C#N,0
Cc1cncc2cccc(S(=O)(=O)N3CCCNC[C@@H]3C)c12,0
O=C(CO)N1CCC(c2[nH]nc(-c3ccc(Cl)cc3F)c2-c2ccncn2)CC1,0
C[C@H](Nc1nccc(-c2c(-c3ccc(F)cc3)nc3occn23)n1)c1ccccc1,0
COc1cccc([C@@H](C)NC(=O)c2cnc(-c3ccncc3)s2)c1,0
COCCN(C)C(=O)c1c(-c2ccc3[nH]ncc3c2)nnn1Cc1ccccc1,0
O=c1cc(-c2ccncc2)nc(NC2CCCCC2)[nH]1,0
NC(=O)c1cccc2[nH]c(-c3ccncc3)nc12,0
Fc1ccc(-c2nc3cnccn3c2-c2ccnc(NCC3CC3)n2)cc1,0
O=C(NCC1CCCCC1)c1cc2c(-c3ccccc3)n[nH]c2s1,0
O=C(Nc1cccc(C(F)(F)F)n1)Nc1ccnc2c(F)cccc12,0
CC(=O)N1CCN(C2CCC(n3nc(-c4ccc(NC(=O)c5cc6ccccc6n5C)cc4)c4c(N)ncnc43)CC2)CC1,1
Cc1ccc(F)c(NC(=O)Nc2ccc(-c3cncc4c3c(N)nn4C)cc2)c1,0
Cc1cccc(NC(=O)Nc2ccc(-c3cccc4c3CNC4=O)cc2C)c1,0
N#Cc1cnc(NC(=O)Nc2ccc3cc(C(=O)O)ccc3c2)cn1,0
Cc1cccc(NC(=O)Nc2ccc(-c3cccc4[nH]nc(N)c34)cc2)c1,0
c1ccc(Nc2nc(-c3ccc4[nH]ncc4c3)cs2)cc1,0
N[C@H](COc1cncc(/C=C/c2ccncc2)c1)Cc1c[nH]c2ccccc12,0
Cc1cc(OC2CCCC2)c(NC(=O)Nc2cnc(C#N)cn2)cc1Cl,0
Cc1c(-c2cccc(OCc3ccccc3)c2)c2c(N)ncnc2n1[C@H]1C[C@H](CN2CCCC2)C1,0
CS(=O)c1ccc(-c2nc(-c3ccc(F)cc3)c(-c3ccncc3)[nH]2)cc1,0
c1ccc(COc2ccc(Nc3ncnc4ccccc34)cc2)cc1,0
Fc1ccc(-c2nc3occn3c2-c2ccnc(NC3CCNCC3)n2)cc1,0
O=C(Cc1ccc(Cl)cc1)Nc1[nH]nc2c1CCC2,0
CC(=O)Nc1cc2ccccn2n1,0
Nc1nccc2cnc(-c3ccccc3)n12,0
Cc1cccc(NC(=O)Nc2ccc(-c3csc4c(C#CCN5CCCC5)cnc(N)c34)cc2)c1,0
CC(=O)N(c1ccncc1)c1c(N[C@H](C)C(C)(C)C)c(=O)c1=O,0
c1cnc2nc(-c3ccc4[nH]ncc4c3)c(NC3CCCCC3)n2c1,0
Clc1ccc(Nc2nnc(Cc3ccncc3)c3ccccc23)cc1,0
Cc1n[nH]c2ccc(-c3cncc(OC[C@@H](N)Cc4cccc(Cl)c4)c3)cc12,0
Cc1cc(C)c(/C=C2\C(=O)Nc3ccccc32)[nH]1,0
O=C(Nc1ccc2[nH]ncc2c1)c1cccc(F)c1,0
Cc1ccc(NC(=O)c2ccc(CN3CCN(C)CC3)cc2)cc1Nc1nccc(-c2cccnc2)n1,0
c1cc2cc(-c3ccc4cn[nH]c4c3)cnc2[nH]1,0
Cc1ccc(C(=O)Nc2c(C(N)=O)sc3ccc(Cl)c(Cl)c23)cc1,0
Cc1n[nH]c2ccc(-c3cncc(OC[C@@H](N)Cc4c[nH]c5ccccc45)c3)cc12,0
Cc1cccc(Nc2nccc(Nc3c(N[C@H](C)C(C)(C)C)c(=O)c3=O)n2)c1,0
O=C(Nc1cccc(Cl)c1)Nc1ncc(CCNc2ncnc3ccsc23)s1,0
CC(=O)N1CCC(Nc2nccc(-c3c(-c4ccc(F)cc4)nc4occn34)n2)CC1,0
Cn1c(=O)c(Oc2ccc(F)cc2F)cc2cnc(NC3CCOCC3)nc21,0
NC[C@@H](O)[C@@H](O)Cn1cc(I)c2c(N)ncnc21,0
COCCOCC#Cc1cc(-c2n[nH]c3c2C(=O)c2cc(CN4CCN(C)CC4)ccc2-3)cs1,0
Cc1cccc(NC(=O)Nc2ccc(-c3noc4ncnc(N)c34)cc2)c1,0
N[C@H](COc1cncc(-c2ccc3c(c2)C(=Cc2ccco2)C(=O)N3)c1)Cc1c[nH]c2ccccc12,0
Cc1cc(C)cc(NC(=O)Nc2ccc3c(c2)CCc2sc4ncnc(N)c4c2-3)c1,0
Cc1ccccc1NC(=O)Nc1ccc(-c2coc3ncnc(N)c23)cc1,0
COc1ccc(NC(=O)Nc2ccc(-c3cccc4onc(N)c34)cc2)cc1Cl,0
Nc1nnc2ccc(-c3ccccc3)cn12,0
Cc1ccc(NC(=O)Nc2ccc(-c3coc4ncnc(N)c34)cc2)cc1,0
COc1cccc([C@H](C)NC(=O)c2ccc(-c3ccncc3)c(C)c2)c1,0
Cc1cccc(NC(=O)Nc2ccc(-c3cccc4c3CNC4=O)cc2)c1,0
c1cc2[nH]ncc2cc1-c1cn(CC2CCOCC2)nn1,0
CCc1nc(-c2cccc(C)c2)c(-c2ccnc(NC(=O)c3ccccc3)c2)s1,0
COc1cc(-c2ccc3[nH]nc(C(=O)Nc4ccccc4)c3c2)ccc1O,0
CN1CCC(NC(=O)c2cc3c(-c4ccccc4)n[nH]c3s2)CC1,0
Clc1cc(-c2c[nH]c3ncccc23)cc(NCc2ccccc2)n1,0
CCCS(=O)(=O)Nc1ccc(-c2ccc3[nH]nc(NC(=O)CC)c3c2)cc1,0
CCCCn1c(NC(=O)c2ccc(C#N)cc2)nc2cc(N(C)C(=O)C3CCCCC3)ccc21,0
O=c1c(NCc2cccc(C(F)(F)F)c2)c(Nc2ccncc2)c1=O,0
COc1cc(S(C)(=O)=O)c(OC)cc1CC(=O)Nc1cc(N)c(C#N)c(OC(C)C)n1,0
O=C(Nc1cnc2[nH]cc(-c3ccccc3)c2c1)c1c(F)cccc1F,1
CCc1cccc(NC(=O)Nc2ccc3c(c2)CCc2sc4ncnc(N)c4c2-3)c1,0
COc1cccc(/C=C2/S/C(=N\c3ccccc3)NC2=O)c1,0
Nc1n[nH]c2ccc(-c3nnn(Cc4ccccc4)c3-c3ccc(F)cc3)cc12,0
O=c1[nH]c2cnc(-n3cnc4ccc(F)cc43)nc2n1[C@@H]1CCOc2c(F)cccc21,0
Brc1cnc2[nH]cc(-c3ccccc3)c2c1,0
Cc1cccc(NC(=O)Nc2ccc3c(c2)CCc2sc4ncnc(N)c4c2-3)c1,0
O=C(N[C@H](CO)Cc1ccccc1)c1ccc(-c2ccncc2)cc1,0
Fc1ccc(-c2nc(-c3ccc(F)cc3)c(-c3ccncc3)[nH]2)cc1,0
Cc1ccc(-c2cnc(N)c3c(-c4ccc(NC(=O)Nc5cccc(F)c5)cc4)csc23)cn1,0
Cn1c(NC[C@@H](N)Cc2ccccc2)nc(-c2ccncc2)c(-c2ccc3ccccc3c2)c1=O,0
Nc1ncnc2scc(C(=O)Nc3ccc(NC(=O)Nc4ccccc4)cc3)c12,0
Nc1ncnc2c1c(I)nn2[C@@H]1O[C@H](CO)[C@@H](O)[C@H]1O,0
NC(=O)c1c(OCc2c(F)cc(Br)cc2F)nsc1NC(=O)NCCCCN1CCCC1,0
CSc1ccc2nc3c(c(Cl)c2c1)CCNC3=O,0
NCCNS(=O)(=O)c1cccc(C(=O)Nc2ccc(-c3n[nH]c(=O)c4ccccc34)cc2)c1,0
Nc1nc2ccc(-c3c(-c4ccc(F)cc4)nc4sccn34)cc2n1CC1CC1,0
CN(C)CC(=O)N[C@H](COc1cncc(-c2ccc3cnccc3c2)c1)Cc1c[nH]c2ccccc12,0
CCOc1nc(NC(C)=O)cc(N)c1C#N,0
O=C(O)c1ccccc1Nc1ccnc(Nc2ccc3[nH]ncc3c2)n1,0
Cc1cc(C)cc(NC(=O)Nc2ccc(NC(=O)c3csc4ncnc(N)c34)cc2)c1,0
O=C(c1cc(Cc2n[nH]c(=O)c3c2CCCC3)ccc1F)N1CCN(c2ncccn2)CC1,0
c1cnc2[nH]cc(-c3ccnc(NC4CCCCC4)n3)c2c1,0
CC[C@@H]1C(=O)N(C)c2cnc(Nc3ccc(C(=O)NC4CCCCC4)cc3OC)nc2N1C1CCCC1,0
Clc1ccc(-c2n[nH]cc2-c2ccncn2)cc1Cl,0
Oc1cccc(Nc2ncnc3scc(Cl)c23)c1,0
NC(=O)c1cc(-c2ccnc(N)n2)[nH]c1-c1ccc(Cl)cc1F,0
CCN(CC)CCCNc1cccc(-c2nc3c(C(N)=O)cccc3[nH]2)n1,0
COc1cc(-c2ccc3c(c2)Nc2ccc(C(=O)NCc4cccc(F)c4)cc2NC3=O)ccc1O,0
O=c1c(NCc2ccc(Cl)cc2)c(Nc2ccncc2)c1=O,0
Nc1nccc2scc(-c3ccc(NC(=O)Nc4cccc(Cl)c4)cc3)c12,0
NC(=O)c1cc(-c2ccnc(N)n2)[nH]c1-c1ccc(Cl)cc1Cl,0
Cc1nc2c(sc3c(Br)ccc(Cl)c32)c(=O)o1,0
COc1ccc(-c2cc3nccn3c(Nc3ccccc3C(N)=O)n2)cc1OC,1
CN(C)C(=O)c1c(-c2ccc3[nH]ncc3c2)nnn1Cc1ccccc1,0
CC(C)n1nnc2ccc(-c3c(-c4ccc(F)cc4F)nc4occn34)cc21,0
Cc1nccn2c(-c3ccnc(NCC4(O)CC4)n3)c(-c3ccc(F)cc3F)nc12,0
Nc1ncnc2sc(Br)c(-c3ccc(NC(=O)Cc4cccc(Cl)c4)cc3)c12,0
CC(C)(C)c1ccc2nc(-c3n[nH]c4ccccc34)[nH]c2c1,0
NC(=O)c1cc2c(Oc3cccc(F)c3)cncc2s1,0
COc1cc2ncn(-c3cc(OCc4ccccc4C(F)(F)F)c(C(=O)O)s3)c2cc1OC,0
Cc1ccc2c(c1)NC(=O)c1ccccc1N2,0
Cc1nccn2c(-c3ccnc(NCC(C)(C)C(=O)O)n3)c(-c3ccc(F)cc3F)nc12,0
O=C(Cc1ccccc1Cl)Nc1ccc2cn[nH]c2c1,0
CC(C)(O)CNc1nccc(-c2c(-c3ccc(F)cc3F)nc3c(CC4CC4)nccn23)n1,0
c1cc2c(s1)CCc1cn[nH]c1-2,0
N[C@H](COc1cncc(-c2ccc3c(c2)CC(=O)N3)c1)Cc1c[nH]c2ccccc12,0
N#Cc1ccc2[nH]c(O)c(-c3ccc(CN4CCOCC4)cn3)c2c1,0
N#Cc1ccc(-c2n[nH]c3c2Cc2ccc(OCCCCN4CCOCC4)cc2-3)cn1,0
COc1cc2cnc3c(c2cc1OC)C(=O)NC3=O,0
CN(C)CC(C)(C)CNc1nccc(-c2c(-c3ccc(F)cc3)nc3occn23)n1,0
COc1cc(C)c(Cl)cc1NC(=O)Nc1cnc(C#N)cn1,0
CCCC(=O)Nc1n[nH]c2ccc(-c3cccc(F)c3F)cc12,0
Cn1nc(C(F)(F)F)c2c(=O)c3cc(Cl)ccc3n(O)c21,0
NCCC(C(=O)Nc1ccc2[nH]ncc2c1)c1ccc(Cl)c(Cl)c1,0
Cc1ccccc1NC(=O)Nc1ccc2c(c1)CCc1sc3ncnc(N)c3c1-2,0
CC(C)(CO)CNc1nccc(-c2c(-c3ccc(F)cc3)nc3c(CC4CC4)nccn23)n1,0
Nc1ncnc2c1sc1ncnc(N)c12,0
CNC(=O)/C=C/c1cnc(N)c2c(-c3ccc4c(c3)OCO4)csc12,1
Cc1nn(-c2ccccc2)c2c1c(=O)c1cc(Cl)ccc1n2O,0
CCS(=O)(=O)Nc1ccc(-c2ccc3[nH]nc(N)c3c2)cc1,0
S=c1[nH]nc2c3c4c(sc3n3c(=S)[nH]nc3n12)CCC4,0
CN(C)CC(C)(C)CNc1nccc(-c2c(-c3ccc(F)cc3)nc3cnccn23)n1,0
Cn1cc(C(CN)c2cncc(/C=C/c3ccncc3)c2)c2ccccc21,0
CCCCOc1ncnc2[nH]cc(-c3ccccc3)c12,0
Nc1nonc1-n1nnc(C(=O)N/N=C/c2cccs2)c1-c1cccs1,0
Cc1cccc(NC(=O)Nc2ccc(-c3cnc4c(-c5cnn(C)c5)cnn4c3N)cc2)c1,0
COc1cccc(-c2cc3c(=O)[nH]c4ccccc4n3c2)c1,0
COc1cc(Nc2ncc3c(n2)-c2ccc(Cl)cc2C(c2c(F)cccc2OC)=NC3)ccc1C(=O)O,0
CS(=O)(=O)Nc1ccc(-c2ccc3[nH]nc(N)c3c2)cc1,0
CCn1c2cc(Cl)c(F)cc2c(=O)c2c(=O)o[nH]c21,0
NC(=O)c1cc2c(Oc3ccc(Br)cc3)cncc2s1,0
Cc1cc(C)c2oc(Nc3ccc(-c4cccc(C(N)=O)c4N)cc3F)nc2c1,0
CCN(CC)CCNC(=O)c1c(C)[nH]c(/C=C2\C(=O)Nc3ccc(F)cc32)c1C,0
COc1nccc(-c2c(-c3ccc(F)cc3)ncn2[C@H]2CC[C@H](O)CC2)n1,0
NC(=O)c1cc(-c2cccc(N)c2)cc2cccnc12,0
OCCCn1cnc(-c2ccc(F)cc2)c1-c1ccncc1,0
COc1cccc([C@@H](C)NC(=O)c2ccc(-c3ccncn3)cc2)c1,0
O=C1Nc2ccccc2Nc2ccccc21,0
O=C(Nc1cccc(C(F)(F)F)n1)Nc1ccnc2c(C(F)(F)F)cccc12,0
CN(C)CCCC(=O)Nc1n[nH]c2nnc(-c3cccc(F)c3F)cc12,0
COc1cccc2c1Nc1cc(Nc3ccncc3)ccc1C(=O)N2,0
COc1ccc(-c2ccc(NC(=O)Nc3cccc(Br)c3)cc2)c2c(N)noc12,0
Cc1ccc(F)c(NC(=O)Nc2ccc(-c3nsc4ncnc(N)c34)cc2)c1,0
Cc1ccc(C(=O)Nc2c(C#N)sc3ccc(Cl)c(Cl)c23)cc1,0
Cc1ccc(-c2nn(C(C)(C)C)c3ncnc(N)c23)cc1,1
Cc1nn(C)c2sc(C(N)=O)cc12,0
O=C(NNC(=S)Nc1ccc(Cl)cc1)C(O)(c1ccccc1)c1ccccc1,0
COc1cc(-c2ccc3c(c2)Nc2ccc(C(=O)NCCNC(C)=O)cc2NC3=O)ccc1O,0
Cc1cccc(NC(=O)Nc2ccc(-c3csc4ccnc(N)c34)cc2)c1,0
O=C(O)c1c2c(nc3ccccc13)C(=C1CCCC1)CC2,0
Nc1ncnc2c1N=C(c1ccc(NC(=O)Nc3cc(C(F)(F)F)ccc3F)cc1)CCN2,0
C[C@@H]1CCN(C(=O)CC#N)C[C@@H]1N(C)c1ncnc2[nH]ccc12,0
Oc1ccc(Nc2[nH]nc(-c3ccc(O)cc3)c2-c2ccc(O)cc2)cc1,0
Cc1c(-c2ccc3[nH]nc(N)c3c2)nnn1Cc1ccccc1,0
COc1cc(/C=C(\C#N)c2nc3cc(C)ccc3[nH]2)c(Br)cc1O,0
O=C1NCCc2[nH]c(-c3ccncc3)cc21,0
Cc1nccn2c(-c3ccnc(NCCC(C)(C)O)n3)c(-c3ccc(F)cc3F)nc12,0
COc1cc(/C=C2\S/C(=N\c3ccccc3)NC2=O)ccc1O,0
C(=C/c1cncc(O[C@@H]2CCNC2)c1)\c1ccncc1,0
Cc1ccc(CNc2ccc3nnc(-c4ccccc4)n3n2)cc1,0
Cc1[nH]c(/C=C2\C(=O)Nc3ccccc32)c(C)c1CCC(=O)O,0
Cn1nc(N)c2c(-c3ccc(NC(=O)Nc4cccc(C(F)(F)F)c4)cc3)cncc21,0
O=C(NC(CO)Cc1ccc(Cl)cc1)c1ccc(-c2ccncc2)cc1,0
FC(F)(F)c1ccc(Cn2cc(-c3ccc4[nH]ncc4c3)nn2)c(C(F)(F)F)c1,0
CO[C@@H](C(=O)N1Cc2[nH]nc(NC(=O)c3ccc(N4CCN(C)CC4)cc3)c2C1)c1ccccc1,0
Cc1n[nH]c2ccc(-c3cncc(OC[C@@H](N)Cc4ccc(Cl)c(Cl)c4)c3)cc12,0
O=C(Nc1cccc(C(F)(F)F)n1)Nc1ccnc2cc(C(F)(F)F)ccc12,0
O=C(c1cc(-c2ccc3[nH]ncc3c2)on1)N1CCC[C@@H](O)C1,0
COc1cccc(Nc2ncnc3ccccc23)c1,0
COc1ccc(-c2ccc(NC(=O)Nc3ccc(F)c(C)c3)cc2)c2c(N)noc12,0
O=c1[nH]c2sccc2c2nc(-c3ccncc3)nn12,0
Cn1cc(-c2ccncn2)c(-c2ccc(F)cc2)n1,0
Cc1n[nH]c2ccc(-c3cncc(OC[C@@H](N)Cc4ccccc4)c3)cc12,0
O=C(Nc1cnccn1)Nc1ccnc2cc(C(F)(F)F)ccc12,0
O=C(Nc1nc2ccccc2n1CCCO)c1cccc([N+](=O)[O-])c1,0
CNC(=O)c1ccccc1Nc1nc(Nc2ccc(N3CCOCC3)cc2OC)ncc1Cl,1
O=C1NCCc2[nH]c(-c3ccnc(-c4cnc5ccccc5c4)c3)cc21,0
Cc1n[nH]c2ccc(-c3cncc(OC[C@@H](N)Cc4cccc(OC(F)(F)F)c4)c3)cc12,0
O=c1[nH]cnc2c1sc1c(Cl)ccc(Cl)c12,0
NC(=O)c1cc2c(-c3ccc(F)cc3)cncc2s1,0
COc1ccc2c(NC(=O)Nc3cccc(C(F)(F)F)n3)ccnc2c1,1
Nc1ncnc2sc3c(c12)-c1ccc(NC(=O)Nc2ccccc2)cc1CC3,0
Nc1ncc(/C=C/C(=O)NCCCn2ccnc2)c2scc(-c3ccc(Br)cc3)c12,1
CC(Oc1cc(-c2cnn(C3CCNCC3)c2)cnc1N)c1c(Cl)ccc(F)c1Cl,0
CCCC(=O)Nc1n[nH]c2ccc(-c3cn(Cc4ccccc4)nn3)cc12,0
NCCCNS(=O)(=O)c1cccc(C(=O)Nc2ccc(-c3n[nH]c(=O)c4ccccc34)cc2)c1,0
CC(C)(C)C(=O)Oc1ccc2c(c1)nc(NC(=O)c1cccc([N+](=O)[O-])c1)n2CCCO,0
O=C(NNC(=S)Nc1ccc(F)cc1)C(O)(c1ccccc1)c1ccccc1,0
c1ccc(CNc2cc(-c3c[nH]c4ncccc34)ncn2)cc1,0
CC(C)Cn1c(N)nc2c(F)cc(-c3c(-c4ccc(F)cc4)nc4sccn34)cc21,0
Cc1c[nH]c(-c2cnc(NCCNc3ccc(C#N)cn3)nc2-c2ccc(Cl)cc2Cl)n1,0
Cc1cc2nnc(SCc3cn4ccccc4n3)n2c2ccccc12,0
NC(=O)c1sc2ccc(Cl)c(Cl)c2c1NC(=O)c1ccc(Cl)cc1,0
Nc1cc2nc(-c3ccccc3)cn2cn1,0
CC(C)(C)c1n[nH]c2c1C(c1ccccc1F)C(C#N)=C(N)O2,0
CC(=O)NCC(=O)N1C2CCC1c1cc(Nc3ncc(C(F)(F)F)c(NC4CCC4)n3)ccc12,0
OCCNc1cc2cc(-c3ccsc3)ccc2cn1,0
O=C(Nc1ccc2cn[nH]c2c1)c1ccc(Cl)cc1,0
Nc1n[nH]c2nnc(-c3ccccc3)c(-c3ccccc3)c12,0
Brc1ccc2[nH]nc(-c3ccccc3)c2c1,0
NC(=O)c1cccc2cn[nH]c12,0
O=c1[nH]cc(I)c2nc(-c3cccc(Cl)c3)cn12,0
Cc1cccc(C2(c3cccc(C)c3)CC2C(=O)Nc2ccncc2)c1,0
CN(C)C(=O)Nc1ccc2nc(-c3ccco3)c(-c3ccco3)nc2c1,0
COc1nccc(-c2c(-c3ccc(F)cc3)ncn2C2CCNCC2)n1,0
O=C(Nc1cnccn1)Nc1ccnc2ccc(C(F)(F)F)cc12,0
Cc1cc(Nc2cc(N3CCN(C)CC3)nc(/C=C/c3ccccc3)n2)n[nH]1,0
O=c1c(NCc2ccccc2F)c(Nc2ccncc2)c1=O,0
CCOC(=O)C1=c2s/c(=C/c3ccco3)c(=O)n2C(N)=C(C#N)C1c1ccco1,0
O=C(Nc1ccc(-c2cccc3sncc23)cc1)Nc1ccc(F)c(C(F)(F)F)c1,0
c1ccc(CNc2nc(-c3ccc4[nH]ncc4c3)cs2)cc1,0
CC(C)(CO)CNc1nccc(-c2c(-c3ccc(F)cc3)nc3cnccn23)n1,0
CN1CCN(c2cccc(Nc3nccc(-c4c(C(N)=O)nc5ccccn45)n3)c2)CC1,0
O=C(NCc1ccccc1)c1cccc(-c2cnc3[nH]ccc3c2)c1,0
CC(C)Nc1c(-c2ccc3[nH]ncc3c2)nc2ncccn12,0
O=C1NN=Cc2c[nH]c3cc(NC(=O)[C@@H]4C[C@H]4c4ccccc4)cc1c23,0
Cc1cccc(-c2c(-c3ccncc3)nc(NC[C@@H](N)Cc3ccccc3)n(C)c2=O)c1,0
O=C(Nc1n[nH]c2ccc(-c3cn(Cc4ccccc4)nn3)cc12)c1cccc(F)c1,0
Cc1cccc(NC(=O)Nc2ccc(-c3coc4ncnc(N)c34)cc2)c1,0
COc1ccc(C(=O)Nc2cnc3[nH]cc(-c4ccccc4)c3c2)cc1,0
O=c1[nH]cnc2ccc(Br)cc12,0
N#Cc1ccc2nc(N)n(-c3nc(-c4ccccc4)cs3)c2c1,0
Oc1ccc(-c2n[nH]c(Nc3cccc(Cl)c3)c2-c2ccc(O)cc2)cc1,0
Nc1nonc1-n1nnc(C(=O)N/N=C/c2cccs2)c1-c1ccccc1,0
CNc1ncnc2c1N=C(c1ccc(NC(=O)Nc3cccc(C(F)(F)F)c3)cc1)CCN2,0
O=c1[nH]c2sc3c(c2c2nc(-c4cccnc4)nn12)CCCC3,0
CN(C)c1cccc2c(S(=O)(=O)N(CCN)c3cncc(-c4ccc5cnccc5c4)c3)cccc12,0
Cc1nc(COc2ccccc2Cl)sc1-c1ccnc(N)n1,0
CCCC(=O)Nc1n[nH]c2nnc(-c3cccc(F)c3F)cc12,0
N#Cc1ncc2nc1OCCCCCOc1cc(CCCO)c(Cl)cc1NC(=O)N2,0
N#Cc1ccc(-c2n[nH]c3c2Cc2ccc(OCCN4CCOCC4)cc2-3)cn1,0
CC(C)(CO)c1nnc2ccc(-c3c(-c4ccc(F)cc4F)nc4n3CCC4)nn12,0
CS(=O)(=O)NCCOc1cncc(-c2ccc3cnccc3c2)c1,0
COc1ccc(/C=C2/S/C(=N/c3ccccc3)NC2=O)cc1O,0
Cc1cccc(NC(=O)Nc2ccc(NC(=O)c3csc4ncnc(N)c34)cc2)c1,0
CN1CCN(CCCNc2cccc(-c3nc4c(C(N)=O)cccc4[nH]3)n2)CC1,0
Nc1nccc(-c2c(-c3ccc(F)cc3)ncn2C2CCNCC2)n1,0
CCCC(=O)Nc1n[nH]c2nc3ccccc3cc12,0
OCCCNc1ncnc2[nH]cc(-c3ccccc3)c12,0
NCCCn1cc(-c2cc(-c3cc4ccccc4s3)c3[nH]ncc3c2)c2nc(N)ncc21,0
COc1ccc2c(NC(=O)Nc3cc(C(F)(F)F)ccn3)ccnc2c1,0
Nc1nccn2c(C3CC(CN4CCCC4)C3)nc(-c3cccc(OCc4ccccc4)c3)c12,0
O=C(N[C@H](CO)Cc1ccccc1)c1ccc(-c2ccncc2)cc1F,0
CCNC(=O)c1cnc(N)c2c(-c3ccc(NC(=O)Nc4cccc(F)c4)cc3)csc12,0
O=C(O)c1ccc(N2C(=O)c3ccccc3C2=O)cc1O,0
N#Cc1ncc2nc1OCCCCOc1cc(NCc3cncs3)c(Cl)cc1NC(=O)N2,0
CN1CCC(C(=O)n2nc(N)c3cc(-c4cn(Cc5ccccc5)nn4)ccc32)CC1,0
O=C(Nc1cnccn1)Nc1ccnc2c(C(F)(F)F)cccc12,0
CN(C)CC(=O)Nc1n[nH]c2ccc(-c3cn(Cc4ccccc4)nn3)cc12,0
Cc1ccccc1NC(=O)Nc1ccc(NC(=O)c2csc3ncnc(N)c23)cc1,0
Cc1ccc2nccc(NC(=O)Nc3cccc(C(F)(F)F)n3)c2c1,1
COc1cccc([C@@H](C)NC(=O)c2ccc(-c3ccncc3F)cc2OC)c1,0
Clc1csc2ncnc(Nc3ccccc3)c12,0
O=C(Nc1cccc(C(F)(F)F)n1)Nc1ccnc2c(Cl)cccc12,0
CCOc1nc(C(=O)NCc2ccccc2S(N)(=O)=O)cc(N)c1C#N,0
Cc1cccc(NC(=O)Nc2ccc(-c3csc4c(C#CCN(C)C)cnc(N)c34)cc2)c1,0
Nc1nccc2scc(-c3ccc(NC(=O)Nc4cccc(F)c4)cc3)c12,0
Nc1nccc2scc(-c3ccc(NC(=O)Nc4cccc(Br)c4)cc3)c12,0
Cc1ccc(C(=O)Nc2ccon2)cc1Nc1ncnc2c1cnn2-c1ccccc1,0
CN1CCN([C@H]2CC[C@H](n3cc(-c4ccc(Oc5ccccc5)cc4)c4c(N)ncnc43)CC2)CC1,1
CCCCn1c(NC(=O)c2cccc(C#N)c2)nc2cc(N(C)C(=O)C3CCCCC3)ccc21,0
C[C@@H](Nc1c(Nc2ccncc2)c(=O)c1=O)C(C)(C)C,0
CSc1ccc(-c2nc(-c3ccc(F)cc3)c(-c3ccncc3)[nH]2)cc1,0
Cc1n[nH]c2c1C(c1ccccc1Cl)C(C#N)=C(N)O2,0
Cc1cc(C)cc(NC(=O)Nc2ccc(-c3c(C)sc4ncnc(N)c34)cc2)c1,0
Nc1ncnc2c1c(I)nn2[C@H]1CC[C@@H](O)CC1,0
COc1ccc2c(NC(=O)Nc3cccc(Br)n3)ccnc2c1,1
O=C(N[C@H](CO)c1ccccc1)c1ccc(-c2ccncc2)cc1,0
CS(=O)(=O)CCNCc1ccc(-c2ccc3ncnc(Nc4ccc(OCc5cccc(F)c5)c(Cl)c4)c3c2)o1,0
Cc1cc(OC[C@@H]2CC[C@H](C(=O)O)C2)c(NC(=O)Nc2cnc(C#N)cn2)cc1Cl,0
Cc1cccc(NC(=O)Nc2ccc(-c3csc4ncnc(N)c34)cc2)c1,0
Cc1nn(C)c2sc(C(N)=O)c(N)c12,0
O=C(O)c1ccccc1Nc1ccnc(Nc2cccc(O)c2)n1,0
COc1cc(-c2ccc3c(c2)NC(=O)c2ccc(-c4ccccc4NS(C)(=O)=O)cc2N3)cc(OC)c1OC,0
COc1ccc(-c2cc3nccn3c(Nc3ncccc3C(N)=O)n2)cc1OC,0
CNS(=O)(=O)c1ccccc1Nc1nc(Nc2cc(OC)c(OC)c(OC)c2)ncc1Cl,1
O=C(Nc1cnc2[nH]cc(-c3ccccc3)c2c1)c1cccc(F)c1F,0
COc1cc2c(cc1F)C(c1ccccc1Cl)=Nc1c(n[nH]c1C)N2,0
CC(C)Cc1cc(-c2ccc3[nH]nc(N)c3c2)on1,0
Cc1cccc(NC(=O)Nc2ccc(-c3cncc4c3c(N)nn4C)cc2)c1,0
O=C(c1cccc(-c2cnc3[nH]ccc3c2)c1)N1CCOCC1,0
CCOc1cc2ncc(C#N)c(Nc3ccc(F)c(Cl)c3)c2cc1NC(=O)/C=C/CN(C)C,0
COc1cc2c(N3CCN(C(=O)Nc4ccc(OC(C)C)cc4)CC3)ncnc2cc1OCCCN1CCCCC1,0
CN(C)C[C@@H]1CCn2cc(c3ccccc32)C2=C(C(=O)NC2=O)c2cn(c3ccccc23)CCO1,0
CNC(=O)c1cc(Oc2ccc(NC(=O)Nc3ccc(Cl)c(C(F)(F)F)c3)cc2)ccn1,0
CC[C@H](CO)Nc1nc(NCc2ccccc2)c2ncn(C(C)C)c2n1,0
CN1CC[C@H](c2c(O)cc(O)c3c(=O)cc(-c4ccccc4Cl)oc23)[C@H](O)C1,0
Oc1ccc(-c2nc(-c3ccc(F)cc3)c(-c3ccncc3)[nH]2)cc1,0
C[S+]([O-])c1ccc(-c2nc(-c3ccc(F)cc3)c(-c3ccncc3)[nH]2)cc1,0
O=c1ncn2nc(Sc3ccc(F)cc3F)ccc2c1-c1c(Cl)cccc1Cl,0
Oc1c2ccccc2c2c3c(cccc13)N=N2,0
COc1cc2/c(=N/c3ccc(Br)cc3F)nc[nH]c2cc1OCC1CCN(C)CC1,1
Cc1ccc(O)cc1Nc1ccnc(Nc2cccc(C(N)=O)c2)n1,1
Nc1ncnc2c1c(-c1cccc(O)c1)cn2C1CCNCC1,1
CC1(C)CNc2cc(NC(=O)c3cccnc3NCc3ccncc3)ccc21,0
CCN1CCN(Cc2ccc(NC(=O)Nc3ccc(Oc4cc(NC)ncn4)cc3)cc2C(F)(F)F)CC1,0
CCN(CCO)CCCOc1ccc2c(Nc3cc(CC(=O)Nc4cccc(F)c4)[nH]n3)ncnc2c1,0
CC(C)(C)c1cnc(CSc2cnc(NC(=O)C3CCNCC3)s2)o1,0
CN1CCN(c2ccc3nc(-c4c(N)c5c(F)cccc5[nH]c4=O)[nH]c3c2)CC1,0
Cn1c(Nc2ccc(C(F)(F)F)cc2)nc2cc(Oc3ccnc(-c4ncc(C(F)(F)F)[nH]4)c3)ccc21,0
COCC(=O)NC/C=C/c1ccc2ncnc(Nc3ccc(Oc4ccc(C)nc4)c(C)c3)c2c1,0
COc1ccc(COc2ccc(Cc3cnc(N)nc3N)cc2OC)cc1,0
Cc1ccc(Nc2nccc(N(C)c3ccc4c(C)n(C)nc4c3)n2)cc1S(N)(=O)=O,0
Nc1nc(Nc2ccc(S(N)(=O)=O)cc2)nn1C(=O)c1c(F)cccc1F,0
O=C(O)c1ccc(Nc2ncc3c(n2)-c2ccc(Cl)cc2C(c2c(F)cccc2F)=NC3)cc1,0
Oc1cccc(-c2nc(N3CCOCC3)c3oc4ncccc4c3n2)c1,0
CO[C@@H]1[C@H](N(C)C(=O)c2ccccc2)C[C@H]2O[C@]1(C)n1c3ccccc3c3c4c(c5c6ccccc6n2c5c31)C(=O)NC4,0
NC(=O)c1ccc(-c2nc(-c3ccccn3)c(-c3ccc4c(c3)OCO4)[nH]2)cc1,0
Cc1[nH]c(/C=C2\C(=O)Nc3ccc(F)cc32)c(C)c1C(=O)NC[C@H](O)CN1CCOCC1,0
Cc1cc(Nc2cc(N3CCN(C)CC3)nc(Sc3ccc(NC(=O)C4CC4)cc3)n2)n[nH]1,0
C[C@]12O[C@H](C[C@]1(O)CO)n1c3ccccc3c3c4c(c5c6ccccc6n2c5c31)CNC4=O,0
CC(C)(C)c1cc(NC(=O)Nc2ccc(-c3cn4c(n3)sc3cc(OCCN5CCOCC5)ccc34)cc2)no1,0
CO[C@@H]1[C@H](N(C)C(=O)c2ccccc2)C[C@H]2O[C@]1(C)n1c3ccccc3c3c4c(c5c6ccccc6n2c5c31)C(=O)N[C@H]4O,0
CCOc1cc2ncc(C#N)c(Nc3ccc(OCc4ccccn4)c(Cl)c3)c2cc1NC(=O)/C=C/CN(C)C,0
CSc1cccc(Nc2ncc3cc(-c4c(Cl)cccc4Cl)c(=O)n(C)c3n2)c1,1
Cc1[nH]c(/C=C2\C(=O)Nc3ccc(S(=O)(=O)Cc4c(Cl)cccc4Cl)cc32)c(C)c1C(=O)N1CCC[C@@H]1CN1CCCC1,0
Cn1cnc2c(F)c(Nc3ccc(Br)cc3Cl)c(C(=O)NOCCO)cc21,0
N#CC[C@H](C1CCCC1)n1cc(-c2ncnc3[nH]ccc23)cn1,0
CN(C)CC(=O)N1CCC(c2ccc(NC(=O)c3nc(C#N)c[nH]3)c(C3=CCCCC3)c2)CC1,0
Nc1nc(N)c2nc(-c3cccc(O)c3)c(-c3cccc(O)c3)nc2n1,0
COC(=O)c1ccc2c(c1)NC(=O)/C2=C(\Nc1ccc(N(C)C(=O)CN2CCN(C)CC2)cc1)c1ccccc1,0
COc1cc(Oc2ccnc3cc(OC)c(OC)cc23)ccc1NC(=O)NC(C)c1nccs1,1
CCCS(=O)(=O)Nc1ccc(F)c(C(=O)c2c[nH]c3ncc(Cl)cc23)c1F,1
CN(C)C/C=C/C(=O)Nc1cc2c(Nc3ccc(F)c(Cl)c3)ncnc2cc1O[C@H]1CCOC1,0
COc1cc2c(Oc3ccc(NC(=O)C4(C(=O)Nc5ccc(F)cc5)CC4)cc3F)ccnc2cc1OCCCN1CCOCC1,1
O=C(c1ccc(/C=C/c2n[nH]c3ccccc23)cc1)N1CCNCC1,0
Cc1cnc(Nc2ccc(OCCN3CCCC3)cc2)nc1Nc1cccc(S(=O)(=O)NC(C)(C)C)c1,0
CC(C)n1nc(-c2cc3cc(O)ccc3[nH]2)c2c(N)ncnc21,0
Cc1ccc(NC(=O)c2ccc(CN3CCN(C)CC3)cc2)cc1Nc1nc(-c2cccnc2)cs1,0
Cc1ccc2nc(NCCN)c3ncc(C)n3c2c1,0
Cn1cc(C2=C(c3cn(C4CCN(Cc5ccccn5)CC4)c4ccccc34)C(=O)NC2=O)c2ccccc21,0
CS(=O)(=O)N1CCN(Cc2cc3nc(-c4cccc5[nH]ncc45)nc(N4CCOCC4)c3s2)CC1,0
COc1ccc(F)c(F)c1C(=O)c1cnc(NC2CCN(S(C)(=O)=O)CC2)nc1N,0
Cc1cc2c(F)c(Oc3ncnn4cc(OC[C@@H](C)O)c(C)c34)ccc2[nH]1,0
COc1c(Cl)cc2c([nH]c3cnccc32)c1NC(=O)c1cccnc1C,0
CNC(=O)c1ccccc1Sc1ccc2c(/C=C/c3ccccn3)n[nH]c2c1,0
CNC(=O)c1c(F)cccc1Nc1nc(Nc2cc3c(cc2OC)CCN3C(=O)CN(C)C)nc2[nH]ccc12,0
Cn1cc(-c2ccc3nnc(Sc4ccc5ncccc5c4)n3n2)cn1,0
C[C@@H](Oc1cc(-n2cnc3ccc(CN4CCN(C)CC4)cc32)sc1C(N)=O)c1ccccc1C(F)(F)F,0
CCn1c(-c2nonc2N)nc2c(C#CC(C)(C)O)ncc(OC[C@H]3CCCNC3)c21,0
COc1cc(Nc2c(C#N)cnc3cc(OCCCN4CCN(C)CC4)c(OC)cc23)c(Cl)cc1Cl,0
O=C(NC1CCNCC1)c1n[nH]cc1NC(=O)c1c(Cl)cccc1Cl,0
Cc1cn(-c2cc(NC(=O)c3ccc(C)c(Nc4nccc(-c5cccnc5)n4)c3)cc(C(F)(F)F)c2)cn1,0
O=C(NOCC1CC1)c1ccc(F)c(F)c1Nc1ccc(I)cc1Cl,0
COc1ccc2c(OCc3nnc4ccc(-c5ccccc5)nn34)ccnc2c1,0
O=C(NOC[C@H](O)CO)c1ccc(F)c(F)c1Nc1ccc(I)cc1F,0
CNC(=O)c1cc(Oc2ccc(NC(=O)Nc3ccc(Cl)c(C(F)(F)F)c3)c(F)c2)ccn1,0
COC(=O)N[C@@H](C)CNc1nccc(-c2cn(C(C)C)nc2-c2cc(Cl)cc(NS(C)(=O)=O)c2F)n1,0
CC[C@@H]1C(=O)N(C)c2cnc(Nc3ccc(C(=O)N[C@H]4CC[C@H](N5CCN(CC6CC6)CC5)CC4)cc3OC)nc2N1C(C)C,0
Nc1ncnc2c1c(-c1cccc(OCc3ccccc3)c1)cn2[C@H]1C[C@H](N2CCC2)C1,0
O=C(NC[C@H](O)CO)c1ccncc1Nc1ccc(I)cc1F,0
CC(C)(O)CC(=O)NCCn1ccc2ncnc(Nc3ccc(Oc4cccc(C(F)(F)F)c4)c(Cl)c3)c21,0
O=C(Nc1cc(C(F)(F)F)cc(C(F)(F)F)c1)c1cc(Cl)ccc1O,0
COCc1c(-c2ccc(NC(=O)Nc3cc(C(F)(F)F)ccc3F)c(F)c2)c2c(N)ncnn2c1CN1CCOCC1,0
CO[C@H]1C[C@@H]2CC[C@@H](C)[C@@](O)(O2)C(=O)C(=O)N2CCCC[C@H]2C(=O)O[C@H]([C@H](C)C[C@@H]2CC[C@@H](O)[C@H](OC)C2)CC(=O)[C@H](C)/C=C(\C)[C@@H](O)[C@@H](OC)C(=O)[C@H](C)C[C@H](C)/C=C/C=C/C=C/1C,0
C[C@@H](N)c1ccc(C(=O)Nc2ccnc3[nH]ccc23)cc1,0
N#CC1(c2ccc(NC(=O)c3cccnc3NCc3ccncc3)cc2)CCCC1,0
N[C@@H]1CCCN(c2c(/C=C3\SC(=O)NC3=O)cccc2-c2ccccc2)C1,0
COCCNCc1ccc(-c2cc3nccc(Oc4ccc(NC(=S)NC(=O)Cc5ccc(F)cc5)cc4F)c3s2)nc1,0
Cn1cc(-c2cnn3c(N)c(Br)c([C@@H]4CCCNC4)nc23)cn1,0
CN1CCC(COc2cnc(-c3cccc(Cn4nc(-c5cccc(C#N)c5)ccc4=O)c3)nc2)CC1,0
COc1cc2ncnc(Oc3cccc(NC(=O)Nc4cc(C(C)(C)C(F)(F)F)on4)c3)c2cc1OC,0
CCn1cc(-c2ccnc3[nH]c(-c4cccc(CN(C)C)c4)cc23)c(-c2ccc(NC(=O)N(C)C)cc2)n1,0
Cc1nc2cc(-c3nn(C(C)C)c4ncnc(N)c34)ccc2o1,0
Cn1cc(-c2cnc3ccc4ccc(CS(=O)(=O)NCc5ccccn5)cc4c(=O)c3c2)cn1,0
CCS(=O)(=O)c1cccc(-c2cc(C(=O)NC3CCN(C)CC3)c(C)c3[nH]c4ncc(C)cc4c23)c1,1
Nc1cc(C(F)(F)F)c(-c2cc(N3CCOCC3)nc(N3CCOCC3)n2)cn1,0
NC(=O)c1ccc(N(C(N)=O)c2c(F)cccc2F)nc1-c1ccc(F)cc1F,0
CCS(=O)(=O)N1CC(CC#N)(n2cc(-c3ncnc4[nH]ccc34)cn2)C1,0
C[C@@]1(C(=O)Nc2ccc(F)nc2)CCCN1c1nc(Nc2cc(C3CC3)n[nH]2)c2cccn2n1,0
Cc1cc(Nc2ncnc3ccc(NC4=NC(C)(C)CO4)cc23)ccc1Oc1ccn2ncnc2c1,0
CN1CC[C@@H](c2c(O)cc(O)c3c(=O)cc(-c4ccccc4Cl)oc23)[C@@H]1CO,0
CC(C)Nc1cc(-c2c[nH]c(C(=O)N[C@H](CO)c3cccc(Cl)c3)c2)c(Cl)cn1,0
CC[C@@](C)(Nc1ccnc(-c2c[nH]c3ncccc23)n1)C(=O)NCC(F)(F)F,0
COc1cc(N2CCC(N3CCN(C)CC3)CC2)ccc1Nc1ncnc(Nc2ccccc2S(=O)(=O)C(C)C)n1,1
Cc1cc([C@@H](C)Nc2ccccc2C(=O)O)c2nc(N3CCOCC3)cc(=O)n2c1,0
FC(F)(F)c1ccc(CNc2ccc(Cc3c[nH]c4ncc(Cl)cc34)cn2)cn1,0
CNC(=O)c1cccc2cc(Oc3ccnc4cc(OCC5(N)CC5)c(OC)cc34)ccc12,0
CCOc1ccn(-c2ccc(F)cc2)c(=O)c1C(=O)Nc1ccc(Oc2ccnc(N)c2Cl)c(F)c1,0
FC(F)(F)c1ccc(/C=C/c2nc(COc3ccc(CCCCn4ccnn4)cc3)co2)cc1,0
Cc1cc2c(F)c(Oc3ncnn4cc(OC[C@@H](C)OC(=O)[C@H](C)N)c(C)c34)ccc2[nH]1,0
CNC(=O)c1cc(Oc2ccc(NC(=O)Nc3cc(C(C)(C)C)nn3-c3ccc4ncccc4c3)c(F)c2)ccn1,0
c1cc(OCCN2CCCCC2)cc(-c2n[nH]c3ccc(-c4nnc[nH]4)cc23)c1,0
COCCN1CCN(Cc2ccc(-c3n[nH]c4c3C(=O)c3c(NC(=O)NN5CCOCC5)cccc3-4)cc2)CC1,0
Cc1ccc(S(=O)(=O)Nc2nc3ccccc3nc2Nc2ccc3nsnc3c2)cc1,0
CCn1c(=O)c(-c2cc[nH]n2)cc2c(C)nc(N)nc21,0
CC[C@H](Nc1ncnc2[nH]cnc12)c1nc2cccc(F)c2c(=O)n1-c1ccccc1,0
COc1cc(CCc2cc(NC(=O)c3ccc(N4CC(C)NC(C)C4)cc3)n[nH]2)cc(OC)c1,0
COc1cc2nccc(Oc3ccc(NC(=O)C4(C(=O)Nc5ccc(F)cc5)CC4)cc3)c2cc1OC,0
Cn1ncc(Cl)c1-c1cc(C(=O)N[C@H](CN)Cc2cccc(F)c2)sc1Cl,0
C[C@]1(O)C[C@@H](c2nc(-c3ccc4ccc(-c5ccccc5)nc4c3)c3c(N)nccn32)C1,0
CC(C)(C)c1nc(-c2cccc(NS(=O)(=O)c3c(F)cccc3F)c2F)c(-c2ccnc(N)n2)s1,0
Cc1nc(Nc2n[nH]c3c2CN(C(=O)N[C@H](CN(C)C)c2ccccc2)C3(C)C)c2sccc2n1,0
COc1cc2ncnc(Nc3ccc(F)c(Cl)c3)c2cc1NC(=O)/C=C/CN1CCCCC1,0
O=C1NC(=O)[C@@H](c2cn3c4c(cccc24)CCC3)[C@@H]1c1c[nH]c2ccccc12,0
C[C@@H](NC(=O)c1ncnc(N)c1Cl)c1ncc(C(=O)Nc2cc(C(F)(F)F)c(Cl)cn2)s1,0
CNC(=O)c1cc(COc2nnc(Nc3ccc(Cl)cc3)c3ccoc23)ccn1,0
COC(=O)[C@@]1(O)C[C@H]2O[C@]1(C)n1c3ccccc3c3c4c(c5c6ccccc6n2c5c31)C(=O)NC4,0
Cc1ccc(-n2nc(C(C)(C)C)cc2NC(=O)NCc2cc(F)ccc2Oc2ccc3c(cnn3CCO)c2)cc1,0
CO[C@H]1C[C@@H]2CC[C@@H](C)[C@@](O)(O2)C(=O)C(=O)N2CCCC[C@H]2C(=O)O[C@H]([C@H](C)C[C@@H]2CC[C@@H](OCCO)[C@H](OC)C2)CC(=O)[C@H](C)/C=C(\C)[C@@H](O)[C@@H](OC)C(=O)[C@H](C)C[C@H](C)/C=C/C=C/C=C/1C,0
Cn1cnc2c(F)c(Nc3ccc(Br)cc3F)c(C(=O)NOCCO)cc21,0
C1=N/C2=N/c3ccc(OCCN4CCCC4)c(c3)COC/C=C/COCc3cccc(c3)C(=C1)N2,0
COc1cc(F)c(F)c(Nc2ccc(I)cc2F)c1NS(=O)(=O)C1(C[C@H](O)CO)CC1,0
CNC(=O)CN1CCC(Oc2cc3c(Nc4cccc(Cl)c4F)ncnc3cc2OC)CC1,0
O=c1sn(-c2cccc3ccccc23)c(=O)n1Cc1ccccc1,0
CN(C)C1CCN(C(=O)c2ccc(NC(=O)Nc3ccc(-c4nc(N5CCOCC5)nc(N5CCOCC5)n4)cc3)cc2)CC1,0
C[C@@H](c1ccc2nccn2c1)n1nnc2ncc(-c3cnn(C)c3)nc21,0
CCCS(=O)(=O)Nc1ccc(F)c(C(=O)c2c[nH]c3ncc(-c4ccc(Cl)cc4)cc23)c1F,0
Cn1cc(-c2ccc3nnc(C(F)(F)c4ccc5ncccc5c4)n3n2)cn1,0
O=C(Nc1nc2cccc(-c3ccc(CN4CCS(=O)(=O)CC4)cc3)n2n1)C1CC1,0
S=C(NCc1ccc2c(c1)OCO2)N1CCN(c2ncnc3c2oc2ccccc23)CC1,0
COc1ccc(S(=O)(=O)N(C(C)=O)c2ccccc2/C=C/c2cc[n+]([O-])cc2)cc1,0
O=C(O)c1ccc2c(c1)nc(Nc1cccc(Cl)c1)c1ccncc12,0
COc1ccc(-c2ccc3c(N4CCOC[C@@H]4C)nc(N4CCOC[C@@H]4C)nc3n2)cc1CO,0
CO[C@H]1C[C@@H]2CC[C@@H](C)[C@@](O)(O2)C(=O)C(=O)N2CCCC[C@H]2C(=O)O[C@H]([C@H](C)C[C@@H]2CC[C@@H](OC(=O)C(C)(CO)CO)[C@H](OC)C2)CC(=O)[C@H](C)/C=C(\C)[C@@H](O)[C@@H](OC)C(=O)[C@H](C)C[C@H](C)/C=C/C=C/C=C/1C,0
CC(=O)Nc1cccc(-n2c(=O)n(C3CC3)c(=O)c3c(Nc4ccc(I)cc4F)n(C)c(=O)c(C)c32)c1,0
CN[C@@H]1C[C@H]2O[C@@](C)([C@@H]1OC)n1c3ccccc3c3c4c(c5c6ccccc6n2c5c31)C(=O)N[C@H]4O,0
O[C@H]1CC[C@H](Nc2ncc3nc(Nc4c(F)cc(F)cc4F)n([C@H]4CCOC4)c3n2)CC1,0
O=c1[nH]c(C2CCCN2)nc2c1oc1ccc(Cl)cc12,0
CN(C[C@@H]1COCCO1)S(=O)(=O)Nc1ccc2ccc3ncc(-c4cnn(C)c4)cc3c(=O)c2c1,0
COc1cc2ncnc3c2cc1OCCCCCN(C)Cc1ccc(Br)cc1N3,0
Cn1ncc(Cl)c1-c1cc(C(=O)N[C@H](CN)Cc2ccc(F)c(F)c2)oc1Cl,0
Cc1cc(C(=O)NOCCO)c(Nc2ccc(I)cc2F)n(C)c1=O,0
CC(C)c1cc(CNc2nc(Nc3cc(C4CC4)[nH]n3)cc(N3CCN(C)CC3)n2)on1,0
CCn1c(C(=O)N(C2CC2)C2CC2)cc2c3c(ncn3C)c(Nc3cc(C)n(C)n3)nc21,0
Cc1cc(-c2cc(OC(=O)c3ccccc3)ccc2Cl)cc2nnc(Nc3ccc(OCCN4CCCC4)cc3)nc12,0
CC(=O)c1cnc2ccc(-c3cc(Cl)c(O)c(Cl)c3)nc2c1N[C@H]1CC[C@H](CN(C)C)CC1,0
CNC(=O)c1cccc(-c2ccc3c(N4CCOC[C@@H]4C)nc(N4CCOC[C@@H]4C)nc3n2)c1,0
O=C(Nc1c[nH]nc1-c1nc2ccc(CN3CCOCC3)cc2[nH]1)NC1CC1,1
OCCn1cc(-c2cnc3nnn(Cc4ccc5ncccc5c4)c3n2)cn1,0
O=C(Cc1ccc(-c2ccc(OCCN3CCOCC3)cc2)cn1)NCc1ccccc1,0
COc1cc([C@@H]2c3cc4c(cc3[C@H](O)[C@H]3COC(=O)[C@@H]23)OCO4)cc(OC)c1OC,0
C[C@@H](Nc1cc(F)cc(F)c1)c1cc(C(=O)N(C)C)cc2c(=O)cc(N3CCOCC3)oc12,0
Cc1cc(-c2cc(O)ccc2Cl)cc2nnc(Nc3ccc(OCCN4CCCC4)cc3)nc12,0
COc1c(OCCCN2CCOCC2)ccc2c1N=C(NC(=O)c1cnc(N)nc1)N1CCN=C21,0
COc1cc(OC)c(/C=C/S(=O)(=O)Cc2ccc(OC)c(NCC(=O)O)c2)c(OC)c1,0
C=CCN(/C=C1/C(=O)O[C@H](COC)[C@@]2(C)C1=C(O)C(=O)C1=C2[C@H](OC(C)=O)C[C@]2(C)C(=O)CC[C@@H]12)CC=C,0
Cc1c(CN2CCN(C(=O)[C@H](C)O)CC2)sc2c(N3CCOCC3)nc(-c3cnc(N)nc3)nc12,0
COc1ccc(-c2cc3c(C)nc(N)nc3n([C@H]3CC[C@H](OCCO)CC3)c2=O)cn1,0
CCN1CCN(Cc2ccc(-c3cc4c(N[C@H](C)c5ccccc5)ncnc4[nH]3)cc2)CC1,0
Cn1c(=O)c(F)c(Nc2ccc(I)cc2F)c2c(=O)n(C[C@@H](O)CO)cnc21,0
CCN1CCN(Cc2ccc(Nc3ncc(F)c(-c4cc(F)c5nc(C)n(C(C)C)c5c4)n3)nc2)CC1,0
Cc1cc(C(=O)Nc2cc(Oc3ccc4nc(NC(=O)C5CC5)cn4n3)ccc2C)n(C)n1,0
Cn1cc(-c2ccc(F)c(C(F)(F)F)c2)nc1C1CCN(c2ncnc3[nH]ncc23)CC1,0
CCc1cc2c(cc1N1CCC(N3CCOCC3)CC1)C(C)(C)c1[nH]c3cc(C#N)ccc3c1C2=O,0
CN1CCN(CCOc2cc(OC3CCOCC3)c3c(Nc4c(Cl)ccc5c4OCO5)ncnc3c2)CC1,0
CN1CCC(CNc2ccc3ncc(-c4cccc(OC(F)(F)F)c4)n3n2)CC1,0
Cc1nc2ccc(-n3ncc(C(=O)c4cc5ccccc5[nH]4)c3N)cc2[nH]1,0
Cc1ncc(-c2ccnc(Nc3ccc(S(C)(=O)=O)cc3)n2)n1C(C)C,0
CNC(=O)c1ccc(Nc2ncc(C(F)(F)F)c(NCc3nccnc3N(C)S(C)(=O)=O)n2)cc1,0
Cc1cccc(-c2nn3c(c2-c2ccnc4ccc(C(N)=O)cc24)CCC3)n1,0
Cc1c(F)cc(C(=O)NC2CC2)cc1-c1ccc(C(=O)NCC(C)(C)C)cn1,0
Cc1nc(NC(=O)N2CCC[C@H]2C(N)=O)sc1-c1ccnc(C(C)(C)C(F)(F)F)c1,0
CN(c1ncccc1CNc1nc(Nc2ccc3c(c2)CC(=O)N3)ncc1C(F)(F)F)S(C)(=O)=O,0
COc1cccc2cc(-c3nc([C@H]4CC[C@H](C(=O)O)CC4)n4ncnc(N)c34)[nH]c12,0
COc1ncc(-c2ccc3nccc(-c4ccnnc4)c3c2)cc1NS(=O)(=O)c1ccc(F)cc1F,0
Cc1ccc(C(=O)Nc2ccc(Oc3cc4cnn(C)c4cc3-c3cn[nH]c3)c(F)c2)c(=O)n1-c1ccc(F)cc1,0
CNC(=O)c1ccc(-c2cnc3ncc(Cc4ccc5ncccc5c4)n3n2)cc1F,0
COc1cc2ncnc(Nc3ccc(O)cc3)c2cc1OC,0
NC1(C(=O)N[C@@H](CCO)c2ccc(Cl)cc2)CCN(c2nc[nH]c3nccc2-3)CC1,0
CN1N=C(N)c2cn([C@@H]3O[C@H](COP(=O)(O)O)[C@@H](O)[C@H]3O)c3ncnc1c23,0
O=C(O)C1(Cc2cccc(Nc3nccs3)n2)CCC(Oc2cccc(Cl)c2F)CC1,0
Cc1c(Cn2c(C)nc3c(C(=O)O)cc(N4CCOCC4)cc32)cccc1C(F)(F)F,0
CNC(=O)c1ccc(C)c(-n2c(C)cc(OCc3ccc(F)cc3F)c(Br)c2=O)c1,0
Cn1nccc1Nc1nccc(-c2ccn([C@H](CO)c3ccc(Cl)c(F)c3)c(=O)c2)n1,0
CNS(=O)(=O)Nc1nccc(Cc2c(C)c3ccc(Oc4ncccn4)cc3oc2=O)c1F,0
O=S(=O)(c1cccc2c(O)nccc12)N1CCCNCC1,0
CC(C)CC(=O)Nc1n[nH]c2c1CN(C(=O)C1CCN(C)CC1)C2(C)C,0
NC[C@@](O)(c1ccc(Cl)cc1)c1ccc(-c2cn[nH]c2)cc1,0
CN1CCN(c2nc(C3=C(c4c[nH]c5ccccc45)C(=O)NC3=O)c3ccccc3n2)CC1,0
CCc1cnn2c(NCc3ccc[n+]([O-])c3)cc(N3CCCC[C@H]3CCO)nc12,0
COc1cc2nccc(Oc3ccc(NC(=O)Nc4cc(C)on4)c(Cl)c3)c2cc1OC,0
COc1cc2nccc(Oc3ccc(NC(=O)NC4CC4)c(Cl)c3)c2cc1C(N)=O,1
C[C@@H](Oc1cc(C(=O)Nc2ccc(C(=O)N3CCN(C)CC3)cc2)nnc1N)c1c(Cl)ccc(F)c1Cl,0
NC(=O)Nc1cc(-c2cccc(F)c2)sc1C(=O)N[C@H]1CCCNC1,0
CC(=O)c1c(C)c2cnc(Nc3ccc(N4CCNCC4)cn3)nc2n(C2CCCC2)c1=O,0
Cc1cc(Nc2nc(N[C@@H](C)c3ncc(F)cn3)ncc2Cl)[nH]n1,0
CC1(COc2ccc3c(c2)ncn3-c2ccc3cccc(N4CCC(N)CC4)c3n2)COC1,0
Cn1cc(C2=Nc3cc(NC(=O)C(N)C4CCCCC4)cc4c3C2=CNNC4=O)cn1,0
C[C@@H]1COC(Nc2ccc3ncnc(Nc4ccc(OCc5nccs5)c(Cl)c4)c3c2)=N1,0
O=C(NOCCO)c1cc(CN2OCCCC2=O)c(F)c(F)c1Nc1ccc(I)cc1F,0
CO[C@H]1C[C@@H]2CC[C@@H](C)[C@@](O)(O2)C(=O)C(=O)N2CCCC[C@H]2C(=O)O[C@H]([C@H](C)C[C@@H]2CC[C@@H](OP(C)(C)=O)[C@H](OC)C2)CC(=O)[C@H](C)/C=C(\C)[C@@H](O)[C@@H](OC)C(=O)[C@H](C)C[C@H](C)/C=C/C=C/C=C/1C,0
Cc1csc(-c2nnc(Nc3ccc(Oc4ncccc4-c4ccnc(N)n4)cc3)c3ccccc23)c1,0
O=S(=O)(c1cccc2cnccc12)N1CCCNCC1,0
NC1(c2ccc(-c3nc4ccn5c(=O)[nH]nc5c4cc3-c3ccccc3)cc2)CCC1,0
O=C1NC(=O)/C(=C/c2ccc3nccc(-c4ccncc4)c3c2)S1,0
CCN(CCCOc1ccc2c(Nc3cc(CC(=O)Nc4cccc(F)c4)[nH]n3)ncnc2c1)CCOP(=O)(O)O,0
Cc1ccc(C(=O)Nc2ccc(CN3CCN(C)CC3)c(C(F)(F)F)c2)cc1C#Cc1cnc2cccnn12,0
COc1cccc(Nc2ncnn3ccc(CN4CC[C@@H](N)[C@H](O)C4)c23)c1,0
O=C(Nc1ccc(OC(F)(F)F)cc1)c1sccc1NCc1ccnc2ccccc12,0
CN(C)C(=O)c1cc2cnc(Nc3ccc(N4CCNCC4)cn3)nc2n1C1CCCC1,0
CN1C/C=C/CCOc2cccc(c2)-c2ccnc(n2)Nc2cccc(c2)C1,0
Cc1cnc(NC(=O)Nc2cc(Br)c(C)cc2OC[C@@H]2CNCCO2)cn1,0
Cc1c(NC(=O)OC[C@@H]2COCCN2)cn2ncnc(Nc3ccc4c(cnn4Cc4cccc(F)c4)c3)c12,0
C[C@H]1CNCCCN1S(=O)(=O)c1cccc2cncc(F)c12,0
Cn1c(=O)n(-c2ccc(C(C)(C)C#N)cc2)c2c3cc(-c4cnc5ccccc5c4)ccc3ncc21,0
Cc1ccc(NC(=O)c2ccc(CN3CC[C@H](N(C)C)C3)c(C(F)(F)F)c2)cc1Nc1nccc(-c2cncnc2)n1,0
O=C(c1ccc(F)c(F)c1Nc1ccc(I)cc1F)N1CC(O)([C@@H]2CCCCN2)C1,0
CN1CCN(C2CCN(C(=O)Nc3cc(Oc4ccc(NC(=O)C5(C(=O)Nc6ccc(F)cc6)CC5)c(F)c4)ccn3)CC2)CC1,1
O=c1[nH]ccc2cc(OC3CCNCC3)ccc12,0
COc1cc2c(Nc3ccc(Cl)c(Cl)c3F)ncnc2cc1OC[C@@H]1C[C@@H]2CN(C)C[C@@H]2C1,1
Cc1cc(Nc2ncc(Cl)c(Nc3ccccc3S(=O)(=O)C(C)C)n2)c(OC(C)C)cc1C1CCNCC1,0
